SET NAMES utf8mb4;
SET FOREIGN_KEY_CHECKS = 0;

-- 清除表中数据（不清除用户表）
TRUNCATE TABLE `api_info`;
TRUNCATE TABLE `api_invoke_daily`;
TRUNCATE TABLE `api_test_record`;
TRUNCATE TABLE `api_type`;
TRUNCATE TABLE `order_info`;
TRUNCATE TABLE `requirement`;
TRUNCATE TABLE `requirement_applicant`;
TRUNCATE TABLE `user_api_quota`;

-- 插入API类型
INSERT INTO `api_type` (`id`, `name`, `description`, `create_time`, `update_time`, `deleted`) VALUES
(1, '数据服务', '提供各类数据查询和统计服务', '2026-01-10 10:00:00', '2026-01-10 10:00:00', 0),
(2, 'AI服务', '人工智能相关API服务', '2026-01-10 10:00:00', '2026-01-10 10:00:00', 0),
(3, '工具类', '常用工具API服务', '2026-01-10 10:00:00', '2026-01-10 10:00:00', 0),
(4, '短信服务', '短信发送和验证服务', '2026-01-10 10:00:00', '2026-01-10 10:00:00', 0),
(5, '支付服务', '支付相关API服务', '2026-01-10 10:00:00', '2026-01-10 10:00:00', 0),
(6, '地图服务', '地图定位和导航服务', '2026-01-10 10:00:00', '2026-01-10 10:00:00', 0),
(7, '图像处理', '图像识别和处理服务', '2026-01-10 10:00:00', '2026-01-10 10:00:00', 0),
(8, '语音服务', '语音识别和合成服务', '2026-01-10 10:00:00', '2026-01-10 10:00:00', 0);

-- 插入API信息（开发者创建的API）
INSERT INTO `api_info` (`id`, `type_id`, `user_id`, `name`, `description`, `method`, `endpoint`, `request_params`, `response_params`, `price`, `price_unit`, `call_limit`, `status`, `doc_url`, `rating`, `invoke_count`, `success_count`, `fail_count`, `create_time`, `update_time`, `deleted`) VALUES
(1, 1, 3, '天气查询API', '查询指定城市的天气信息，支持国内外主要城市', 'GET', '/api/weather/query', '[{"name":"city","type":"string","required":true,"desc":"城市名称"}]', '[{"name":"temperature","type":"number","desc":"温度"},{"name":"humidity","type":"number","desc":"湿度"}]', 0.01, 'per_call', 0, 'approved', 'https://doc.example.com/weather', 4.50, 0, 0, 0, '2026-02-01 10:00:00', '2026-02-01 10:00:00', 0),
(2, 1, 3, '股票行情API', '实时股票行情查询，支持A股、港股、美股', 'GET', '/api/stock/quote', '[{"name":"code","type":"string","required":true,"desc":"股票代码"}]', '[{"name":"price","type":"number","desc":"当前价格"},{"name":"change","type":"number","desc":"涨跌幅"}]', 0.05, 'per_call', 0, 'approved', 'https://doc.example.com/stock', 4.80, 0, 0, 0, '2026-02-01 11:00:00', '2026-02-01 11:00:00', 0),
(3, 2, 4, '文本情感分析API', '基于深度学习的文本情感分析，支持中英文', 'POST', '/api/ai/sentiment', '[{"name":"text","type":"string","required":true,"desc":"待分析文本"}]', '[{"name":"sentiment","type":"string","desc":"情感倾向"},{"name":"score","type":"number","desc":"置信度"}]', 0.02, 'per_call', 0, 'approved', 'https://doc.example.com/sentiment', 4.60, 0, 0, 0, '2026-02-02 09:00:00', '2026-02-02 09:00:00', 0),
(4, 2, 4, 'OCR文字识别API', '图片文字识别，支持多语言、手写体', 'POST', '/api/ai/ocr', '[{"name":"image","type":"file","required":true,"desc":"图片文件"}]', '[{"name":"text","type":"string","desc":"识别结果"}]', 0.03, 'per_call', 0, 'approved', 'https://doc.example.com/ocr', 4.70, 0, 0, 0, '2026-02-02 10:00:00', '2026-02-02 10:00:00', 0),
(5, 3, 5, '身份证验证API', '身份证号码验证和归属地查询', 'GET', '/api/tool/idcard', '[{"name":"idcard","type":"string","required":true,"desc":"身份证号"}]', '[{"name":"valid","type":"boolean","desc":"是否有效"},{"name":"province","type":"string","desc":"省份"}]', 0.01, 'per_call', 0, 'approved', 'https://doc.example.com/idcard', 4.40, 0, 0, 0, '2026-02-03 09:00:00', '2026-02-03 09:00:00', 0),
(6, 3, 5, '银行卡验证API', '银行卡号验证和开户行查询', 'GET', '/api/tool/bankcard', '[{"name":"cardno","type":"string","required":true,"desc":"银行卡号"}]', '[{"name":"valid","type":"boolean","desc":"是否有效"},{"name":"bank","type":"string","desc":"开户行"}]', 0.01, 'per_call', 0, 'approved', 'https://doc.example.com/bankcard', 4.30, 0, 0, 0, '2026-02-03 10:00:00', '2026-02-03 10:00:00', 0),
(7, 4, 6, '短信验证码API', '发送短信验证码，支持自定义模板', 'POST', '/api/sms/send', '[{"name":"phone","type":"string","required":true,"desc":"手机号"},{"name":"code","type":"string","required":true,"desc":"验证码"}]', '[{"name":"success","type":"boolean","desc":"发送结果"}]', 0.05, 'per_call', 0, 'approved', 'https://doc.example.com/sms', 4.20, 0, 0, 0, '2026-02-04 09:00:00', '2026-02-04 09:00:00', 0),
(8, 4, 6, '语音验证码API', '语音验证码发送服务', 'POST', '/api/voice/send', '[{"name":"phone","type":"string","required":true,"desc":"手机号"},{"name":"code","type":"string","required":true,"desc":"验证码"}]', '[{"name":"success","type":"boolean","desc":"发送结果"}]', 0.08, 'per_call', 0, 'approved', 'https://doc.example.com/voice', 4.10, 0, 0, 0, '2026-02-04 10:00:00', '2026-02-04 10:00:00', 0),
(9, 5, 7, '支付宝支付API', '支付宝即时到账支付接口', 'POST', '/api/pay/alipay', '[{"name":"amount","type":"number","required":true,"desc":"金额"},{"name":"orderNo","type":"string","required":true,"desc":"订单号"}]', '[{"name":"payUrl","type":"string","desc":"支付链接"}]', 0.10, 'per_call', 0, 'approved', 'https://doc.example.com/alipay', 4.90, 0, 0, 0, '2026-02-05 09:00:00', '2026-02-05 09:00:00', 0),
(10, 5, 7, '微信支付API', '微信扫码支付接口', 'POST', '/api/pay/wechat', '[{"name":"amount","type":"number","required":true,"desc":"金额"},{"name":"orderNo","type":"string","required":true,"desc":"订单号"}]', '[{"name":"qrCode","type":"string","desc":"支付二维码"}]', 0.10, 'per_call', 0, 'approved', 'https://doc.example.com/wechat', 4.85, 0, 0, 0, '2026-02-05 10:00:00', '2026-02-05 10:00:00', 0),
(11, 6, 8, '地理编码API', '地址转经纬度坐标', 'GET', '/api/map/geocode', '[{"name":"address","type":"string","required":true,"desc":"地址"}]', '[{"name":"lng","type":"number","desc":"经度"},{"name":"lat","type":"number","desc":"纬度"}]', 0.01, 'per_call', 0, 'approved', 'https://doc.example.com/geocode', 4.60, 0, 0, 0, '2026-02-06 09:00:00', '2026-02-06 09:00:00', 0),
(12, 6, 8, '逆地理编码API', '经纬度转详细地址', 'GET', '/api/map/reverse', '[{"name":"lng","type":"number","required":true,"desc":"经度"},{"name":"lat","type":"number","required":true,"desc":"纬度"}]', '[{"name":"address","type":"string","desc":"详细地址"}]', 0.01, 'per_call', 0, 'approved', 'https://doc.example.com/reverse', 4.55, 0, 0, 0, '2026-02-06 10:00:00', '2026-02-06 10:00:00', 0),
(13, 7, 9, '人脸检测API', '人脸检测和属性分析', 'POST', '/api/image/facedetect', '[{"name":"image","type":"file","required":true,"desc":"图片文件"}]', '[{"name":"faces","type":"array","desc":"人脸列表"}]', 0.05, 'per_call', 0, 'approved', 'https://doc.example.com/facedetect', 4.75, 0, 0, 0, '2026-02-07 09:00:00', '2026-02-07 09:00:00', 0),
(14, 7, 9, '图像审核API', '图像内容安全审核，识别违规内容', 'POST', '/api/image/audit', '[{"name":"image","type":"file","required":true,"desc":"图片文件"}]', '[{"name":"safe","type":"boolean","desc":"是否安全"}]', 0.03, 'per_call', 0, 'approved', 'https://doc.example.com/audit', 4.65, 0, 0, 0, '2026-02-07 10:00:00', '2026-02-07 10:00:00', 0),
(15, 8, 10, '语音转文字API', '语音识别转文字，支持多语言', 'POST', '/api/voice/asr', '[{"name":"audio","type":"file","required":true,"desc":"音频文件"}]', '[{"name":"text","type":"string","desc":"识别结果"}]', 0.04, 'per_call', 0, 'approved', 'https://doc.example.com/asr', 4.50, 0, 0, 0, '2026-02-08 09:00:00', '2026-02-08 09:00:00', 0),
(16, 8, 10, '文字转语音API', '文字合成语音，支持多种音色', 'POST', '/api/voice/tts', '[{"name":"text","type":"string","required":true,"desc":"待合成文字"}]', '[{"name":"audioUrl","type":"string","desc":"音频链接"}]', 0.03, 'per_call', 0, 'approved', 'https://doc.example.com/tts', 4.45, 0, 0, 0, '2026-02-08 10:00:00', '2026-02-08 10:00:00', 0),
(17, 2, 3, '智能客服API', '基于NLP的智能对话机器人', 'POST', '/api/ai/chatbot', '[{"name":"question","type":"string","required":true,"desc":"用户问题"}]', '[{"name":"answer","type":"string","desc":"回答内容"}]', 0.02, 'per_call', 0, 'approved', 'https://doc.example.com/chatbot', 4.55, 0, 0, 0, '2026-02-09 09:00:00', '2026-02-09 09:00:00', 0),
(18, 1, 4, '汇率查询API', '实时汇率查询，支持全球主要货币', 'GET', '/api/data/exchange', '[{"name":"from","type":"string","required":true,"desc":"源货币"},{"name":"to","type":"string","required":true,"desc":"目标货币"}]', '[{"name":"rate","type":"number","desc":"汇率"}]', 0.01, 'per_call', 0, 'approved', 'https://doc.example.com/exchange', 4.40, 0, 0, 0, '2026-02-10 09:00:00', '2026-02-10 09:00:00', 0),
(19, 3, 5, 'IP地址查询API', 'IP地址归属地查询', 'GET', '/api/tool/ip', '[{"name":"ip","type":"string","required":true,"desc":"IP地址"}]', '[{"name":"location","type":"string","desc":"归属地"}]', 0.005, 'per_call', 0, 'approved', 'https://doc.example.com/ip', 4.35, 0, 0, 0, '2026-02-11 09:00:00', '2026-02-11 09:00:00', 0),
(20, 7, 6, '图片压缩API', '图片无损压缩服务', 'POST', '/api/image/compress', '[{"name":"image","type":"file","required":true,"desc":"图片文件"}]', '[{"name":"url","type":"string","desc":"压缩后链接"}]', 0.01, 'per_call', 0, 'approved', 'https://doc.example.com/compress', 4.25, 0, 0, 0, '2026-02-12 09:00:00', '2026-02-12 09:00:00', 0);

-- 插入订单数据（用户购买API）
INSERT INTO `order_info` (`id`, `order_no`, `api_id`, `api_name`, `buyer_id`, `buyer_name`, `invoke_count`, `price`, `status`, `pay_time`, `complete_time`, `create_time`, `update_time`, `deleted`) VALUES
(1, 'ORD20260201001', 1, '天气查询API', 11, 'buyer_chen', 1000, 10.00, 'completed', '2026-02-01 14:00:00', '2026-02-01 14:05:00', '2026-02-01 13:50:00', '2026-02-01 14:05:00', 0),
(2, 'ORD20260201002', 3, '文本情感分析API', 12, 'buyer_lin', 500, 10.00, 'completed', '2026-02-01 15:00:00', '2026-02-01 15:05:00', '2026-02-01 14:50:00', '2026-02-01 15:05:00', 0),
(3, 'ORD20260202001', 2, '股票行情API', 13, 'buyer_huang', 2000, 100.00, 'completed', '2026-02-02 10:00:00', '2026-02-02 10:10:00', '2026-02-02 09:50:00', '2026-02-02 10:10:00', 0),
(4, 'ORD20260202002', 4, 'OCR文字识别API', 14, 'buyer_xu', 800, 24.00, 'completed', '2026-02-02 11:00:00', '2026-02-02 11:05:00', '2026-02-02 10:50:00', '2026-02-02 11:05:00', 0),
(5, 'ORD20260203001', 5, '身份证验证API', 15, 'buyer_ma', 2000, 20.00, 'completed', '2026-02-03 10:00:00', '2026-02-03 10:05:00', '2026-02-03 09:50:00', '2026-02-03 10:05:00', 0),
(6, 'ORD20260203002', 6, '银行卡验证API', 11, 'buyer_chen', 1500, 15.00, 'completed', '2026-02-03 11:00:00', '2026-02-03 11:05:00', '2026-02-03 10:50:00', '2026-02-03 11:05:00', 0),
(7, 'ORD20260204001', 7, '短信验证码API', 12, 'buyer_lin', 500, 25.00, 'completed', '2026-02-04 10:00:00', '2026-02-04 10:05:00', '2026-02-04 09:50:00', '2026-02-04 10:05:00', 0),
(8, 'ORD20260205001', 9, '支付宝支付API', 13, 'buyer_huang', 200, 20.00, 'completed', '2026-02-05 10:00:00', '2026-02-05 10:10:00', '2026-02-05 09:50:00', '2026-02-05 10:10:00', 0),
(9, 'ORD20260206001', 11, '地理编码API', 14, 'buyer_xu', 3000, 30.00, 'completed', '2026-02-06 10:00:00', '2026-02-06 10:05:00', '2026-02-06 09:50:00', '2026-02-06 10:05:00', 0),
(10, 'ORD20260207001', 13, '人脸检测API', 15, 'buyer_ma', 400, 20.00, 'completed', '2026-02-07 10:00:00', '2026-02-07 10:05:00', '2026-02-07 09:50:00', '2026-02-07 10:05:00', 0),
(11, 'ORD20260208001', 15, '语音转文字API', 16, 'user_gao', 600, 24.00, 'completed', '2026-02-08 10:00:00', '2026-02-08 10:05:00', '2026-02-08 09:50:00', '2026-02-08 10:05:00', 0),
(12, 'ORD20260209001', 17, '智能客服API', 17, 'user_luo', 1000, 20.00, 'completed', '2026-02-09 10:00:00', '2026-02-09 10:05:00', '2026-02-09 09:50:00', '2026-02-09 10:05:00', 0),
(13, 'ORD20260210001', 18, '汇率查询API', 18, 'user_he', 2000, 20.00, 'completed', '2026-02-10 10:00:00', '2026-02-10 10:05:00', '2026-02-10 09:50:00', '2026-02-10 10:05:00', 0),
(14, 'ORD20260211001', 19, 'IP地址查询API', 19, 'user_tang', 5000, 25.00, 'completed', '2026-02-11 10:00:00', '2026-02-11 10:05:00', '2026-02-11 09:50:00', '2026-02-11 10:05:00', 0),
(15, 'ORD20260212001', 20, '图片压缩API', 20, 'user_jiang', 3000, 30.00, 'completed', '2026-02-12 10:00:00', '2026-02-12 10:05:00', '2026-02-12 09:50:00', '2026-02-12 10:05:00', 0),
(16, 'ORD20260213001', 1, '天气查询API', 21, 'user_shen', 2000, 20.00, 'completed', '2026-02-13 10:00:00', '2026-02-13 10:05:00', '2026-02-13 09:50:00', '2026-02-13 10:05:00', 0),
(17, 'ORD20260214001', 2, '股票行情API', 22, 'user_han', 1000, 50.00, 'completed', '2026-02-14 10:00:00', '2026-02-14 10:05:00', '2026-02-14 09:50:00', '2026-02-14 10:05:00', 0),
(18, 'ORD20260215001', 3, '文本情感分析API', 23, 'user_feng', 800, 16.00, 'completed', '2026-02-15 10:00:00', '2026-02-15 10:05:00', '2026-02-15 09:50:00', '2026-02-15 10:05:00', 0),
(19, 'ORD20260216001', 4, 'OCR文字识别API', 24, 'user_deng', 600, 18.00, 'completed', '2026-02-16 10:00:00', '2026-02-16 10:05:00', '2026-02-16 09:50:00', '2026-02-16 10:05:00', 0),
(20, 'ORD20260217001', 5, '身份证验证API', 25, 'user_cao', 3000, 30.00, 'completed', '2026-02-17 10:00:00', '2026-02-17 10:05:00', '2026-02-17 09:50:00', '2026-02-17 10:05:00', 0),
(21, 'ORD20260218001', 7, '短信验证码API', 26, 'user_peng', 800, 40.00, 'completed', '2026-02-18 10:00:00', '2026-02-18 10:05:00', '2026-02-18 09:50:00', '2026-02-18 10:05:00', 0),
(22, 'ORD20260219001', 9, '支付宝支付API', 27, 'user_dong', 300, 30.00, 'completed', '2026-02-19 10:00:00', '2026-02-19 10:05:00', '2026-02-19 09:50:00', '2026-02-19 10:05:00', 0),
(23, 'ORD20260220001', 10, '微信支付API', 28, 'user_yu', 300, 30.00, 'completed', '2026-02-20 10:00:00', '2026-02-20 10:05:00', '2026-02-20 09:50:00', '2026-02-20 10:05:00', 0),
(24, 'ORD20260221001', 11, '地理编码API', 29, 'user_su', 4000, 40.00, 'completed', '2026-02-21 10:00:00', '2026-02-21 10:05:00', '2026-02-21 09:50:00', '2026-02-21 10:05:00', 0),
(25, 'ORD20260222001', 13, '人脸检测API', 30, 'user_lu', 500, 25.00, 'completed', '2026-02-22 10:00:00', '2026-02-22 10:05:00', '2026-02-22 09:50:00', '2026-02-22 10:05:00', 0),
(26, 'ORD20260223001', 15, '语音转文字API', 31, 'user_wei', 700, 28.00, 'completed', '2026-02-23 10:00:00', '2026-02-23 10:05:00', '2026-02-23 09:50:00', '2026-02-23 10:05:00', 0),
(27, 'ORD20260224001', 16, '文字转语音API', 32, 'user_cai', 1000, 30.00, 'completed', '2026-02-24 10:00:00', '2026-02-24 10:05:00', '2026-02-24 09:50:00', '2026-02-24 10:05:00', 0),
(28, 'ORD20260225001', 17, '智能客服API', 33, 'user_ding', 1200, 24.00, 'completed', '2026-02-25 10:00:00', '2026-02-25 10:05:00', '2026-02-25 09:50:00', '2026-02-25 10:05:00', 0),
(29, 'ORD20260226001', 18, '汇率查询API', 34, 'user_ye', 2500, 25.00, 'completed', '2026-02-26 10:00:00', '2026-02-26 10:05:00', '2026-02-26 09:50:00', '2026-02-26 10:05:00', 0),
(30, 'ORD20260227001', 19, 'IP地址查询API', 35, 'user_cheng', 6000, 30.00, 'completed', '2026-02-27 10:00:00', '2026-02-27 10:05:00', '2026-02-27 09:50:00', '2026-02-27 10:05:00', 0),
(31, 'ORD20260228001', 1, '天气查询API', 36, 'user_pan', 1500, 15.00, 'completed', '2026-02-28 10:00:00', '2026-02-28 10:05:00', '2026-02-28 09:50:00', '2026-02-28 10:05:00', 0),
(32, 'ORD20260301001', 2, '股票行情API', 37, 'user_yuan', 1500, 75.00, 'completed', '2026-03-01 10:00:00', '2026-03-01 10:05:00', '2026-03-01 09:50:00', '2026-03-01 10:05:00', 0),
(33, 'ORD20260302001', 3, '文本情感分析API', 38, 'user_xia', 900, 18.00, 'completed', '2026-03-02 10:00:00', '2026-03-02 10:05:00', '2026-03-02 09:50:00', '2026-03-02 10:05:00', 0),
(34, 'ORD20260303001', 4, 'OCR文字识别API', 39, 'user_zhong', 700, 21.00, 'completed', '2026-03-03 10:00:00', '2026-03-03 10:05:00', '2026-03-03 09:50:00', '2026-03-03 10:05:00', 0),
(35, 'ORD20260304001', 5, '身份证验证API', 40, 'user_wen', 2500, 25.00, 'completed', '2026-03-04 10:00:00', '2026-03-04 10:05:00', '2026-03-04 09:50:00', '2026-03-04 10:05:00', 0),
(36, 'ORD20260305001', 6, '银行卡验证API', 41, 'user_hou', 2000, 20.00, 'completed', '2026-03-05 10:00:00', '2026-03-05 10:05:00', '2026-03-05 09:50:00', '2026-03-05 10:05:00', 0),
(37, 'ORD20260306001', 7, '短信验证码API', 42, 'user_gong', 600, 30.00, 'completed', '2026-03-06 10:00:00', '2026-03-06 10:05:00', '2026-03-06 09:50:00', '2026-03-06 10:05:00', 0),
(38, 'ORD20260307001', 9, '支付宝支付API', 43, 'user_meng', 250, 25.00, 'completed', '2026-03-07 10:00:00', '2026-03-07 10:05:00', '2026-03-07 09:50:00', '2026-03-07 10:05:00', 0),
(39, 'ORD20260308001', 10, '微信支付API', 44, 'user_long', 250, 25.00, 'completed', '2026-03-08 10:00:00', '2026-03-08 10:05:00', '2026-03-08 09:50:00', '2026-03-08 10:05:00', 0),
(40, 'ORD20260309001', 11, '地理编码API', 45, 'user_wan', 3500, 35.00, 'completed', '2026-03-09 10:00:00', '2026-03-09 10:05:00', '2026-03-09 09:50:00', '2026-03-09 10:05:00', 0),
(41, 'ORD20260310001', 13, '人脸检测API', 46, 'user_gu', 450, 22.50, 'completed', '2026-03-10 10:00:00', '2026-03-10 10:05:00', '2026-03-10 09:50:00', '2026-03-10 10:05:00', 0),
(42, 'ORD20260311001', 15, '语音转文字API', 47, 'user_cui', 650, 26.00, 'completed', '2026-03-11 10:00:00', '2026-03-11 10:05:00', '2026-03-11 09:50:00', '2026-03-11 10:05:00', 0),
(43, 'ORD20260312001', 17, '智能客服API', 48, 'user_kong', 1100, 22.00, 'completed', '2026-03-12 10:00:00', '2026-03-12 10:05:00', '2026-03-12 09:50:00', '2026-03-12 10:05:00', 0),
(44, 'ORD20260313001', 18, '汇率查询API', 49, 'user_shao', 2200, 22.00, 'completed', '2026-03-13 10:00:00', '2026-03-13 10:05:00', '2026-03-13 09:50:00', '2026-03-13 10:05:00', 0),
(45, 'ORD20260314001', 19, 'IP地址查询API', 50, 'user_qin', 5500, 27.50, 'completed', '2026-03-14 10:00:00', '2026-03-14 10:05:00', '2026-03-14 09:50:00', '2026-03-14 10:05:00', 0),
(46, 'ORD20260315001', 1, '天气查询API', 1, 'user1', 3000, 30.00, 'completed', '2026-03-15 10:00:00', '2026-03-15 10:05:00', '2026-03-15 09:50:00', '2026-03-15 10:05:00', 0),
(47, 'ORD20260315002', 3, '文本情感分析API', 2, 'user2', 1500, 30.00, 'completed', '2026-03-15 11:00:00', '2026-03-15 11:05:00', '2026-03-15 10:50:00', '2026-03-15 11:05:00', 0);

-- 插入用户API配额数据
INSERT INTO `user_api_quota` (`id`, `user_id`, `api_id`, `total_count`, `used_count`, `remaining_count`, `create_time`, `update_time`) VALUES
(1, 11, 1, 1000, 0, 1000, '2026-02-01 14:05:00', '2026-02-01 14:05:00'),
(2, 12, 3, 500, 0, 500, '2026-02-01 15:05:00', '2026-02-01 15:05:00'),
(3, 13, 2, 2000, 0, 2000, '2026-02-02 10:10:00', '2026-02-02 10:10:00'),
(4, 14, 4, 800, 0, 800, '2026-02-02 11:05:00', '2026-02-02 11:05:00'),
(5, 15, 5, 2000, 0, 2000, '2026-02-03 10:05:00', '2026-02-03 10:05:00'),
(6, 11, 6, 1500, 0, 1500, '2026-02-03 11:05:00', '2026-02-03 11:05:00'),
(7, 12, 7, 500, 0, 500, '2026-02-04 10:05:00', '2026-02-04 10:05:00'),
(8, 13, 9, 200, 0, 200, '2026-02-05 10:10:00', '2026-02-05 10:10:00'),
(9, 14, 11, 3000, 0, 3000, '2026-02-06 10:05:00', '2026-02-06 10:05:00'),
(10, 15, 13, 400, 0, 400, '2026-02-07 10:05:00', '2026-02-07 10:05:00'),
(11, 16, 15, 600, 0, 600, '2026-02-08 10:05:00', '2026-02-08 10:05:00'),
(12, 17, 17, 1000, 0, 1000, '2026-02-09 10:05:00', '2026-02-09 10:05:00'),
(13, 18, 18, 2000, 0, 2000, '2026-02-10 10:05:00', '2026-02-10 10:05:00'),
(14, 19, 19, 5000, 0, 5000, '2026-02-11 10:05:00', '2026-02-11 10:05:00'),
(15, 20, 20, 3000, 0, 3000, '2026-02-12 10:05:00', '2026-02-12 10:05:00'),
(16, 21, 1, 2000, 0, 2000, '2026-02-13 10:05:00', '2026-02-13 10:05:00'),
(17, 22, 2, 1000, 0, 1000, '2026-02-14 10:05:00', '2026-02-14 10:05:00'),
(18, 23, 3, 800, 0, 800, '2026-02-15 10:05:00', '2026-02-15 10:05:00'),
(19, 24, 4, 600, 0, 600, '2026-02-16 10:05:00', '2026-02-16 10:05:00'),
(20, 25, 5, 3000, 0, 3000, '2026-02-17 10:05:00', '2026-02-17 10:05:00'),
(21, 26, 7, 800, 0, 800, '2026-02-18 10:05:00', '2026-02-18 10:05:00'),
(22, 27, 9, 300, 0, 300, '2026-02-19 10:05:00', '2026-02-19 10:05:00'),
(23, 28, 10, 300, 0, 300, '2026-02-20 10:05:00', '2026-02-20 10:05:00'),
(24, 29, 11, 4000, 0, 4000, '2026-02-21 10:05:00', '2026-02-21 10:05:00'),
(25, 30, 13, 500, 0, 500, '2026-02-22 10:05:00', '2026-02-22 10:05:00'),
(26, 31, 15, 700, 0, 700, '2026-02-23 10:05:00', '2026-02-23 10:05:00'),
(27, 32, 16, 1000, 0, 1000, '2026-02-24 10:05:00', '2026-02-24 10:05:00'),
(28, 33, 17, 1200, 0, 1200, '2026-02-25 10:05:00', '2026-02-25 10:05:00'),
(29, 34, 18, 2500, 0, 2500, '2026-02-26 10:05:00', '2026-02-26 10:05:00'),
(30, 35, 19, 6000, 0, 6000, '2026-02-27 10:05:00', '2026-02-27 10:05:00'),
(31, 36, 1, 1500, 0, 1500, '2026-02-28 10:05:00', '2026-02-28 10:05:00'),
(32, 37, 2, 1500, 0, 1500, '2026-03-01 10:05:00', '2026-03-01 10:05:00'),
(33, 38, 3, 900, 0, 900, '2026-03-02 10:05:00', '2026-03-02 10:05:00'),
(34, 39, 4, 700, 0, 700, '2026-03-03 10:05:00', '2026-03-03 10:05:00'),
(35, 40, 5, 2500, 0, 2500, '2026-03-04 10:05:00', '2026-03-04 10:05:00'),
(36, 41, 6, 2000, 0, 2000, '2026-03-05 10:05:00', '2026-03-05 10:05:00'),
(37, 42, 7, 600, 0, 600, '2026-03-06 10:05:00', '2026-03-06 10:05:00'),
(38, 43, 9, 250, 0, 250, '2026-03-07 10:05:00', '2026-03-07 10:05:00'),
(39, 44, 10, 250, 0, 250, '2026-03-08 10:05:00', '2026-03-08 10:05:00'),
(40, 45, 11, 3500, 0, 3500, '2026-03-09 10:05:00', '2026-03-09 10:05:00'),
(41, 46, 13, 450, 0, 450, '2026-03-10 10:05:00', '2026-03-10 10:05:00'),
(42, 47, 15, 650, 0, 650, '2026-03-11 10:05:00', '2026-03-11 10:05:00'),
(43, 48, 17, 1100, 0, 1100, '2026-03-12 10:05:00', '2026-03-12 10:05:00'),
(44, 49, 18, 2200, 0, 2200, '2026-03-13 10:05:00', '2026-03-13 10:05:00'),
(45, 50, 19, 5500, 0, 5500, '2026-03-14 10:05:00', '2026-03-14 10:05:00'),
(46, 1, 1, 3000, 0, 3000, '2026-03-15 10:05:00', '2026-03-15 10:05:00'),
(47, 2, 3, 1500, 0, 1500, '2026-03-15 11:05:00', '2026-03-15 11:05:00');

-- 插入API每日调用统计数据（2月1日-3月15日）
-- 数据特点：工作日调用量大，周末调用量小；有合理的波动

-- 2月1日（周日）
INSERT INTO `api_invoke_daily` (`api_id`, `api_name`, `caller_id`, `api_owner_id`, `stat_date`, `total_count`, `success_count`, `fail_count`, `create_time`, `update_time`) VALUES
(1, '天气查询API', 11, 3, '2026-02-01', 15, 14, 1, '2026-02-01 23:59:59', '2026-02-01 23:59:59'),
(3, '文本情感分析API', 12, 4, '2026-02-01', 8, 8, 0, '2026-02-01 23:59:59', '2026-02-01 23:59:59');

-- 2月2日（周一）
INSERT INTO `api_invoke_daily` (`api_id`, `api_name`, `caller_id`, `api_owner_id`, `stat_date`, `total_count`, `success_count`, `fail_count`, `create_time`, `update_time`) VALUES
(1, '天气查询API', 11, 3, '2026-02-02', 45, 43, 2, '2026-02-02 23:59:59', '2026-02-02 23:59:59'),
(2, '股票行情API', 13, 3, '2026-02-02', 120, 115, 5, '2026-02-02 23:59:59', '2026-02-02 23:59:59'),
(3, '文本情感分析API', 12, 4, '2026-02-02', 25, 24, 1, '2026-02-02 23:59:59', '2026-02-02 23:59:59'),
(4, 'OCR文字识别API', 14, 4, '2026-02-02', 18, 17, 1, '2026-02-02 23:59:59', '2026-02-02 23:59:59');

-- 2月3日（周二）
INSERT INTO `api_invoke_daily` (`api_id`, `api_name`, `caller_id`, `api_owner_id`, `stat_date`, `total_count`, `success_count`, `fail_count`, `create_time`, `update_time`) VALUES
(1, '天气查询API', 11, 3, '2026-02-03', 52, 50, 2, '2026-02-03 23:59:59', '2026-02-03 23:59:59'),
(2, '股票行情API', 13, 3, '2026-02-03', 135, 130, 5, '2026-02-03 23:59:59', '2026-02-03 23:59:59'),
(3, '文本情感分析API', 12, 4, '2026-02-03', 28, 27, 1, '2026-02-03 23:59:59', '2026-02-03 23:59:59'),
(4, 'OCR文字识别API', 14, 4, '2026-02-03', 22, 21, 1, '2026-02-03 23:59:59', '2026-02-03 23:59:59'),
(5, '身份证验证API', 15, 5, '2026-02-03', 65, 63, 2, '2026-02-03 23:59:59', '2026-02-03 23:59:59'),
(6, '银行卡验证API', 11, 5, '2026-02-03', 48, 46, 2, '2026-02-03 23:59:59', '2026-02-03 23:59:59');

-- 2月4日（周三）
INSERT INTO `api_invoke_daily` (`api_id`, `api_name`, `caller_id`, `api_owner_id`, `stat_date`, `total_count`, `success_count`, `fail_count`, `create_time`, `update_time`) VALUES
(1, '天气查询API', 11, 3, '2026-02-04', 48, 46, 2, '2026-02-04 23:59:59', '2026-02-04 23:59:59'),
(2, '股票行情API', 13, 3, '2026-02-04', 128, 123, 5, '2026-02-04 23:59:59', '2026-02-04 23:59:59'),
(3, '文本情感分析API', 12, 4, '2026-02-04', 30, 29, 1, '2026-02-04 23:59:59', '2026-02-04 23:59:59'),
(4, 'OCR文字识别API', 14, 4, '2026-02-04', 25, 24, 1, '2026-02-04 23:59:59', '2026-02-04 23:59:59'),
(5, '身份证验证API', 15, 5, '2026-02-04', 58, 56, 2, '2026-02-04 23:59:59', '2026-02-04 23:59:59'),
(6, '银行卡验证API', 11, 5, '2026-02-04', 42, 40, 2, '2026-02-04 23:59:59', '2026-02-04 23:59:59'),
(7, '短信验证码API', 12, 6, '2026-02-04', 35, 34, 1, '2026-02-04 23:59:59', '2026-02-04 23:59:59');

-- 2月5日（周四）
INSERT INTO `api_invoke_daily` (`api_id`, `api_name`, `caller_id`, `api_owner_id`, `stat_date`, `total_count`, `success_count`, `fail_count`, `create_time`, `update_time`) VALUES
(1, '天气查询API', 11, 3, '2026-02-05', 55, 53, 2, '2026-02-05 23:59:59', '2026-02-05 23:59:59'),
(2, '股票行情API', 13, 3, '2026-02-05', 142, 137, 5, '2026-02-05 23:59:59', '2026-02-05 23:59:59'),
(3, '文本情感分析API', 12, 4, '2026-02-05', 32, 31, 1, '2026-02-05 23:59:59', '2026-02-05 23:59:59'),
(4, 'OCR文字识别API', 14, 4, '2026-02-05', 28, 27, 1, '2026-02-05 23:59:59', '2026-02-05 23:59:59'),
(5, '身份证验证API', 15, 5, '2026-02-05', 62, 60, 2, '2026-02-05 23:59:59', '2026-02-05 23:59:59'),
(6, '银行卡验证API', 11, 5, '2026-02-05', 45, 43, 2, '2026-02-05 23:59:59', '2026-02-05 23:59:59'),
(7, '短信验证码API', 12, 6, '2026-02-05', 38, 37, 1, '2026-02-05 23:59:59', '2026-02-05 23:59:59'),
(9, '支付宝支付API', 13, 7, '2026-02-05', 12, 12, 0, '2026-02-05 23:59:59', '2026-02-05 23:59:59');

-- 2月6日（周五）
INSERT INTO `api_invoke_daily` (`api_id`, `api_name`, `caller_id`, `api_owner_id`, `stat_date`, `total_count`, `success_count`, `fail_count`, `create_time`, `update_time`) VALUES
(1, '天气查询API', 11, 3, '2026-02-06', 62, 60, 2, '2026-02-06 23:59:59', '2026-02-06 23:59:59'),
(2, '股票行情API', 13, 3, '2026-02-06', 155, 150, 5, '2026-02-06 23:59:59', '2026-02-06 23:59:59'),
(3, '文本情感分析API', 12, 4, '2026-02-06', 35, 34, 1, '2026-02-06 23:59:59', '2026-02-06 23:59:59'),
(4, 'OCR文字识别API', 14, 4, '2026-02-06', 30, 29, 1, '2026-02-06 23:59:59', '2026-02-06 23:59:59'),
(5, '身份证验证API', 15, 5, '2026-02-06', 68, 66, 2, '2026-02-06 23:59:59', '2026-02-06 23:59:59'),
(6, '银行卡验证API', 11, 5, '2026-02-06', 52, 50, 2, '2026-02-06 23:59:59', '2026-02-06 23:59:59'),
(7, '短信验证码API', 12, 6, '2026-02-06', 42, 41, 1, '2026-02-06 23:59:59', '2026-02-06 23:59:59'),
(9, '支付宝支付API', 13, 7, '2026-02-06', 15, 15, 0, '2026-02-06 23:59:59', '2026-02-06 23:59:59'),
(11, '地理编码API', 14, 8, '2026-02-06', 85, 82, 3, '2026-02-06 23:59:59', '2026-02-06 23:59:59');

-- 2月7日（周六）
INSERT INTO `api_invoke_daily` (`api_id`, `api_name`, `caller_id`, `api_owner_id`, `stat_date`, `total_count`, `success_count`, `fail_count`, `create_time`, `update_time`) VALUES
(1, '天气查询API', 11, 3, '2026-02-07', 25, 24, 1, '2026-02-07 23:59:59', '2026-02-07 23:59:59'),
(2, '股票行情API', 13, 3, '2026-02-07', 45, 43, 2, '2026-02-07 23:59:59', '2026-02-07 23:59:59'),
(3, '文本情感分析API', 12, 4, '2026-02-07', 12, 12, 0, '2026-02-07 23:59:59', '2026-02-07 23:59:59'),
(11, '地理编码API', 14, 8, '2026-02-07', 35, 34, 1, '2026-02-07 23:59:59', '2026-02-07 23:59:59'),
(13, '人脸检测API', 15, 9, '2026-02-07', 18, 17, 1, '2026-02-07 23:59:59', '2026-02-07 23:59:59');

-- 2月8日（周日）
INSERT INTO `api_invoke_daily` (`api_id`, `api_name`, `caller_id`, `api_owner_id`, `stat_date`, `total_count`, `success_count`, `fail_count`, `create_time`, `update_time`) VALUES
(1, '天气查询API', 11, 3, '2026-02-08', 18, 17, 1, '2026-02-08 23:59:59', '2026-02-08 23:59:59'),
(3, '文本情感分析API', 12, 4, '2026-02-08', 10, 10, 0, '2026-02-08 23:59:59', '2026-02-08 23:59:59'),
(13, '人脸检测API', 15, 9, '2026-02-08', 12, 11, 1, '2026-02-08 23:59:59', '2026-02-08 23:59:59'),
(15, '语音转文字API', 16, 10, '2026-02-08', 22, 21, 1, '2026-02-08 23:59:59', '2026-02-08 23:59:59');

-- 2月9日（周一）
INSERT INTO `api_invoke_daily` (`api_id`, `api_name`, `caller_id`, `api_owner_id`, `stat_date`, `total_count`, `success_count`, `fail_count`, `create_time`, `update_time`) VALUES
(1, '天气查询API', 11, 3, '2026-02-09', 58, 56, 2, '2026-02-09 23:59:59', '2026-02-09 23:59:59'),
(2, '股票行情API', 13, 3, '2026-02-09', 148, 143, 5, '2026-02-09 23:59:59', '2026-02-09 23:59:59'),
(3, '文本情感分析API', 12, 4, '2026-02-09', 38, 37, 1, '2026-02-09 23:59:59', '2026-02-09 23:59:59'),
(4, 'OCR文字识别API', 14, 4, '2026-02-09', 32, 31, 1, '2026-02-09 23:59:59', '2026-02-09 23:59:59'),
(5, '身份证验证API', 15, 5, '2026-02-09', 72, 70, 2, '2026-02-09 23:59:59', '2026-02-09 23:59:59'),
(6, '银行卡验证API', 11, 5, '2026-02-09', 55, 53, 2, '2026-02-09 23:59:59', '2026-02-09 23:59:59'),
(7, '短信验证码API', 12, 6, '2026-02-09', 45, 44, 1, '2026-02-09 23:59:59', '2026-02-09 23:59:59'),
(9, '支付宝支付API', 13, 7, '2026-02-09', 18, 18, 0, '2026-02-09 23:59:59', '2026-02-09 23:59:59'),
(11, '地理编码API', 14, 8, '2026-02-09', 92, 89, 3, '2026-02-09 23:59:59', '2026-02-09 23:59:59'),
(13, '人脸检测API', 15, 9, '2026-02-09', 28, 27, 1, '2026-02-09 23:59:59', '2026-02-09 23:59:59'),
(15, '语音转文字API', 16, 10, '2026-02-09', 35, 34, 1, '2026-02-09 23:59:59', '2026-02-09 23:59:59'),
(17, '智能客服API', 17, 3, '2026-02-09', 55, 53, 2, '2026-02-09 23:59:59', '2026-02-09 23:59:59');

-- 2月10日（周二）
INSERT INTO `api_invoke_daily` (`api_id`, `api_name`, `caller_id`, `api_owner_id`, `stat_date`, `total_count`, `success_count`, `fail_count`, `create_time`, `update_time`) VALUES
(1, '天气查询API', 11, 3, '2026-02-10', 65, 63, 2, '2026-02-10 23:59:59', '2026-02-10 23:59:59'),
(2, '股票行情API', 13, 3, '2026-02-10', 162, 157, 5, '2026-02-10 23:59:59', '2026-02-10 23:59:59'),
(3, '文本情感分析API', 12, 4, '2026-02-10', 42, 41, 1, '2026-02-10 23:59:59', '2026-02-10 23:59:59'),
(4, 'OCR文字识别API', 14, 4, '2026-02-10', 35, 34, 1, '2026-02-10 23:59:59', '2026-02-10 23:59:59'),
(5, '身份证验证API', 15, 5, '2026-02-10', 78, 76, 2, '2026-02-10 23:59:59', '2026-02-10 23:59:59'),
(6, '银行卡验证API', 11, 5, '2026-02-10', 58, 56, 2, '2026-02-10 23:59:59', '2026-02-10 23:59:59'),
(7, '短信验证码API', 12, 6, '2026-02-10', 48, 47, 1, '2026-02-10 23:59:59', '2026-02-10 23:59:59'),
(9, '支付宝支付API', 13, 7, '2026-02-10', 20, 20, 0, '2026-02-10 23:59:59', '2026-02-10 23:59:59'),
(10, '微信支付API', 13, 7, '2026-02-10', 18, 18, 0, '2026-02-10 23:59:59', '2026-02-10 23:59:59'),
(11, '地理编码API', 14, 8, '2026-02-10', 98, 95, 3, '2026-02-10 23:59:59', '2026-02-10 23:59:59'),
(13, '人脸检测API', 15, 9, '2026-02-10', 32, 31, 1, '2026-02-10 23:59:59', '2026-02-10 23:59:59'),
(15, '语音转文字API', 16, 10, '2026-02-10', 38, 37, 1, '2026-02-10 23:59:59', '2026-02-10 23:59:59'),
(17, '智能客服API', 17, 3, '2026-02-10', 62, 60, 2, '2026-02-10 23:59:59', '2026-02-10 23:59:59'),
(18, '汇率查询API', 18, 4, '2026-02-10', 88, 85, 3, '2026-02-10 23:59:59', '2026-02-10 23:59:59');

-- 2月11日（周三）
INSERT INTO `api_invoke_daily` (`api_id`, `api_name`, `caller_id`, `api_owner_id`, `stat_date`, `total_count`, `success_count`, `fail_count`, `create_time`, `update_time`) VALUES
(1, '天气查询API', 11, 3, '2026-02-11', 60, 58, 2, '2026-02-11 23:59:59', '2026-02-11 23:59:59'),
(2, '股票行情API', 13, 3, '2026-02-11', 155, 150, 5, '2026-02-11 23:59:59', '2026-02-11 23:59:59'),
(3, '文本情感分析API', 12, 4, '2026-02-11', 40, 39, 1, '2026-02-11 23:59:59', '2026-02-11 23:59:59'),
(4, 'OCR文字识别API', 14, 4, '2026-02-11', 33, 32, 1, '2026-02-11 23:59:59', '2026-02-11 23:59:59'),
(5, '身份证验证API', 15, 5, '2026-02-11', 75, 73, 2, '2026-02-11 23:59:59', '2026-02-11 23:59:59'),
(6, '银行卡验证API', 11, 5, '2026-02-11', 52, 50, 2, '2026-02-11 23:59:59', '2026-02-11 23:59:59'),
(7, '短信验证码API', 12, 6, '2026-02-11', 45, 44, 1, '2026-02-11 23:59:59', '2026-02-11 23:59:59'),
(9, '支付宝支付API', 13, 7, '2026-02-11', 22, 22, 0, '2026-02-11 23:59:59', '2026-02-11 23:59:59'),
(10, '微信支付API', 13, 7, '2026-02-11', 20, 20, 0, '2026-02-11 23:59:59', '2026-02-11 23:59:59'),
(11, '地理编码API', 14, 8, '2026-02-11', 95, 92, 3, '2026-02-11 23:59:59', '2026-02-11 23:59:59'),
(13, '人脸检测API', 15, 9, '2026-02-11', 30, 29, 1, '2026-02-11 23:59:59', '2026-02-11 23:59:59'),
(15, '语音转文字API', 16, 10, '2026-02-11', 36, 35, 1, '2026-02-11 23:59:59', '2026-02-11 23:59:59'),
(17, '智能客服API', 17, 3, '2026-02-11', 58, 56, 2, '2026-02-11 23:59:59', '2026-02-11 23:59:59'),
(18, '汇率查询API', 18, 4, '2026-02-11', 85, 82, 3, '2026-02-11 23:59:59', '2026-02-11 23:59:59'),
(19, 'IP地址查询API', 19, 5, '2026-02-11', 180, 175, 5, '2026-02-11 23:59:59', '2026-02-11 23:59:59');

-- 2月12日（周四）
INSERT INTO `api_invoke_daily` (`api_id`, `api_name`, `caller_id`, `api_owner_id`, `stat_date`, `total_count`, `success_count`, `fail_count`, `create_time`, `update_time`) VALUES
(1, '天气查询API', 11, 3, '2026-02-12', 68, 66, 2, '2026-02-12 23:59:59', '2026-02-12 23:59:59'),
(2, '股票行情API', 13, 3, '2026-02-12', 168, 163, 5, '2026-02-12 23:59:59', '2026-02-12 23:59:59'),
(3, '文本情感分析API', 12, 4, '2026-02-12', 45, 44, 1, '2026-02-12 23:59:59', '2026-02-12 23:59:59'),
(4, 'OCR文字识别API', 14, 4, '2026-02-12', 38, 37, 1, '2026-02-12 23:59:59', '2026-02-12 23:59:59'),
(5, '身份证验证API', 15, 5, '2026-02-12', 82, 80, 2, '2026-02-12 23:59:59', '2026-02-12 23:59:59'),
(6, '银行卡验证API', 11, 5, '2026-02-12', 62, 60, 2, '2026-02-12 23:59:59', '2026-02-12 23:59:59'),
(7, '短信验证码API', 12, 6, '2026-02-12', 52, 51, 1, '2026-02-12 23:59:59', '2026-02-12 23:59:59'),
(9, '支付宝支付API', 13, 7, '2026-02-12', 25, 25, 0, '2026-02-12 23:59:59', '2026-02-12 23:59:59'),
(10, '微信支付API', 13, 7, '2026-02-12', 22, 22, 0, '2026-02-12 23:59:59', '2026-02-12 23:59:59'),
(11, '地理编码API', 14, 8, '2026-02-12', 105, 102, 3, '2026-02-12 23:59:59', '2026-02-12 23:59:59'),
(13, '人脸检测API', 15, 9, '2026-02-12', 35, 34, 1, '2026-02-12 23:59:59', '2026-02-12 23:59:59'),
(15, '语音转文字API', 16, 10, '2026-02-12', 42, 41, 1, '2026-02-12 23:59:59', '2026-02-12 23:59:59'),
(17, '智能客服API', 17, 3, '2026-02-12', 68, 66, 2, '2026-02-12 23:59:59', '2026-02-12 23:59:59'),
(18, '汇率查询API', 18, 4, '2026-02-12', 92, 89, 3, '2026-02-12 23:59:59', '2026-02-12 23:59:59'),
(19, 'IP地址查询API', 19, 5, '2026-02-12', 195, 190, 5, '2026-02-12 23:59:59', '2026-02-12 23:59:59'),
(20, '图片压缩API', 20, 6, '2026-02-12', 110, 107, 3, '2026-02-12 23:59:59', '2026-02-12 23:59:59');

-- 2月13日（周五）
INSERT INTO `api_invoke_daily` (`api_id`, `api_name`, `caller_id`, `api_owner_id`, `stat_date`, `total_count`, `success_count`, `fail_count`, `create_time`, `update_time`) VALUES
(1, '天气查询API', 11, 3, '2026-02-13', 72, 70, 2, '2026-02-13 23:59:59', '2026-02-13 23:59:59'),
(1, '天气查询API', 21, 3, '2026-02-13', 45, 44, 1, '2026-02-13 23:59:59', '2026-02-13 23:59:59'),
(2, '股票行情API', 13, 3, '2026-02-13', 175, 170, 5, '2026-02-13 23:59:59', '2026-02-13 23:59:59'),
(3, '文本情感分析API', 12, 4, '2026-02-13', 48, 47, 1, '2026-02-13 23:59:59', '2026-02-13 23:59:59'),
(4, 'OCR文字识别API', 14, 4, '2026-02-13', 40, 39, 1, '2026-02-13 23:59:59', '2026-02-13 23:59:59'),
(5, '身份证验证API', 15, 5, '2026-02-13', 88, 86, 2, '2026-02-13 23:59:59', '2026-02-13 23:59:59'),
(6, '银行卡验证API', 11, 5, '2026-02-13', 65, 63, 2, '2026-02-13 23:59:59', '2026-02-13 23:59:59'),
(7, '短信验证码API', 12, 6, '2026-02-13', 55, 54, 1, '2026-02-13 23:59:59', '2026-02-13 23:59:59'),
(9, '支付宝支付API', 13, 7, '2026-02-13', 28, 28, 0, '2026-02-13 23:59:59', '2026-02-13 23:59:59'),
(10, '微信支付API', 13, 7, '2026-02-13', 25, 25, 0, '2026-02-13 23:59:59', '2026-02-13 23:59:59'),
(11, '地理编码API', 14, 8, '2026-02-13', 112, 109, 3, '2026-02-13 23:59:59', '2026-02-13 23:59:59'),
(13, '人脸检测API', 15, 9, '2026-02-13', 38, 37, 1, '2026-02-13 23:59:59', '2026-02-13 23:59:59'),
(15, '语音转文字API', 16, 10, '2026-02-13', 45, 44, 1, '2026-02-13 23:59:59', '2026-02-13 23:59:59'),
(17, '智能客服API', 17, 3, '2026-02-13', 72, 70, 2, '2026-02-13 23:59:59', '2026-02-13 23:59:59'),
(18, '汇率查询API', 18, 4, '2026-02-13', 98, 95, 3, '2026-02-13 23:59:59', '2026-02-13 23:59:59'),
(19, 'IP地址查询API', 19, 5, '2026-02-13', 210, 205, 5, '2026-02-13 23:59:59', '2026-02-13 23:59:59'),
(20, '图片压缩API', 20, 6, '2026-02-13', 125, 122, 3, '2026-02-13 23:59:59', '2026-02-13 23:59:59');

-- 2月14日（周六）
INSERT INTO `api_invoke_daily` (`api_id`, `api_name`, `caller_id`, `api_owner_id`, `stat_date`, `total_count`, `success_count`, `fail_count`, `create_time`, `update_time`) VALUES
(1, '天气查询API', 11, 3, '2026-02-14', 30, 29, 1, '2026-02-14 23:59:59', '2026-02-14 23:59:59'),
(1, '天气查询API', 21, 3, '2026-02-14', 18, 17, 1, '2026-02-14 23:59:59', '2026-02-14 23:59:59'),
(2, '股票行情API', 13, 3, '2026-02-14', 55, 53, 2, '2026-02-14 23:59:59', '2026-02-14 23:59:59'),
(2, '股票行情API', 22, 3, '2026-02-14', 35, 34, 1, '2026-02-14 23:59:59', '2026-02-14 23:59:59'),
(3, '文本情感分析API', 12, 4, '2026-02-14', 15, 15, 0, '2026-02-14 23:59:59', '2026-02-14 23:59:59'),
(17, '智能客服API', 17, 3, '2026-02-14', 25, 24, 1, '2026-02-14 23:59:59', '2026-02-14 23:59:59'),
(19, 'IP地址查询API', 19, 5, '2026-02-14', 85, 83, 2, '2026-02-14 23:59:59', '2026-02-14 23:59:59'),
(20, '图片压缩API', 20, 6, '2026-02-14', 48, 47, 1, '2026-02-14 23:59:59', '2026-02-14 23:59:59');

-- 2月15日（周日）
INSERT INTO `api_invoke_daily` (`api_id`, `api_name`, `caller_id`, `api_owner_id`, `stat_date`, `total_count`, `success_count`, `fail_count`, `create_time`, `update_time`) VALUES
(1, '天气查询API', 11, 3, '2026-02-15', 22, 21, 1, '2026-02-15 23:59:59', '2026-02-15 23:59:59'),
(1, '天气查询API', 21, 3, '2026-02-15', 15, 14, 1, '2026-02-15 23:59:59', '2026-02-15 23:59:59'),
(2, '股票行情API', 22, 3, '2026-02-15', 28, 27, 1, '2026-02-15 23:59:59', '2026-02-15 23:59:59'),
(3, '文本情感分析API', 12, 4, '2026-02-15', 12, 12, 0, '2026-02-15 23:59:59', '2026-02-15 23:59:59'),
(3, '文本情感分析API', 23, 4, '2026-02-15', 20, 19, 1, '2026-02-15 23:59:59', '2026-02-15 23:59:59'),
(17, '智能客服API', 17, 3, '2026-02-15', 20, 19, 1, '2026-02-15 23:59:59', '2026-02-15 23:59:59'),
(19, 'IP地址查询API', 19, 5, '2026-02-15', 65, 63, 2, '2026-02-15 23:59:59', '2026-02-15 23:59:59');

-- 2月16日（周一）
INSERT INTO `api_invoke_daily` (`api_id`, `api_name`, `caller_id`, `api_owner_id`, `stat_date`, `total_count`, `success_count`, `fail_count`, `create_time`, `update_time`) VALUES
(1, '天气查询API', 11, 3, '2026-02-16', 75, 73, 2, '2026-02-16 23:59:59', '2026-02-16 23:59:59'),
(1, '天气查询API', 21, 3, '2026-02-16', 52, 50, 2, '2026-02-16 23:59:59', '2026-02-16 23:59:59'),
(2, '股票行情API', 13, 3, '2026-02-16', 182, 177, 5, '2026-02-16 23:59:59', '2026-02-16 23:59:59'),
(2, '股票行情API', 22, 3, '2026-02-16', 58, 56, 2, '2026-02-16 23:59:59', '2026-02-16 23:59:59'),
(3, '文本情感分析API', 12, 4, '2026-02-16', 52, 51, 1, '2026-02-16 23:59:59', '2026-02-16 23:59:59'),
(3, '文本情感分析API', 23, 4, '2026-02-16', 28, 27, 1, '2026-02-16 23:59:59', '2026-02-16 23:59:59'),
(4, 'OCR文字识别API', 14, 4, '2026-02-16', 42, 41, 1, '2026-02-16 23:59:59', '2026-02-16 23:59:59'),
(4, 'OCR文字识别API', 24, 4, '2026-02-16', 22, 21, 1, '2026-02-16 23:59:59', '2026-02-16 23:59:59'),
(5, '身份证验证API', 15, 5, '2026-02-16', 95, 93, 2, '2026-02-16 23:59:59', '2026-02-16 23:59:59'),
(6, '银行卡验证API', 11, 5, '2026-02-16', 70, 68, 2, '2026-02-16 23:59:59', '2026-02-16 23:59:59'),
(7, '短信验证码API', 12, 6, '2026-02-16', 58, 57, 1, '2026-02-16 23:59:59', '2026-02-16 23:59:59'),
(9, '支付宝支付API', 13, 7, '2026-02-16', 32, 32, 0, '2026-02-16 23:59:59', '2026-02-16 23:59:59'),
(10, '微信支付API', 13, 7, '2026-02-16', 28, 28, 0, '2026-02-16 23:59:59', '2026-02-16 23:59:59'),
(11, '地理编码API', 14, 8, '2026-02-16', 120, 117, 3, '2026-02-16 23:59:59', '2026-02-16 23:59:59'),
(13, '人脸检测API', 15, 9, '2026-02-16', 42, 41, 1, '2026-02-16 23:59:59', '2026-02-16 23:59:59'),
(15, '语音转文字API', 16, 10, '2026-02-16', 48, 47, 1, '2026-02-16 23:59:59', '2026-02-16 23:59:59'),
(17, '智能客服API', 17, 3, '2026-02-16', 78, 76, 2, '2026-02-16 23:59:59', '2026-02-16 23:59:59'),
(18, '汇率查询API', 18, 4, '2026-02-16', 105, 102, 3, '2026-02-16 23:59:59', '2026-02-16 23:59:59'),
(19, 'IP地址查询API', 19, 5, '2026-02-16', 225, 220, 5, '2026-02-16 23:59:59', '2026-02-16 23:59:59'),
(20, '图片压缩API', 20, 6, '2026-02-16', 135, 132, 3, '2026-02-16 23:59:59', '2026-02-16 23:59:59');

-- 2月17日（周二）
INSERT INTO `api_invoke_daily` (`api_id`, `api_name`, `caller_id`, `api_owner_id`, `stat_date`, `total_count`, `success_count`, `fail_count`, `create_time`, `update_time`) VALUES
(1, '天气查询API', 11, 3, '2026-02-17', 80, 78, 2, '2026-02-17 23:59:59', '2026-02-17 23:59:59'),
(1, '天气查询API', 21, 3, '2026-02-17', 58, 56, 2, '2026-02-17 23:59:59', '2026-02-17 23:59:59'),
(2, '股票行情API', 13, 3, '2026-02-17', 188, 183, 5, '2026-02-17 23:59:59', '2026-02-17 23:59:59'),
(2, '股票行情API', 22, 3, '2026-02-17', 62, 60, 2, '2026-02-17 23:59:59', '2026-02-17 23:59:59'),
(3, '文本情感分析API', 12, 4, '2026-02-17', 55, 54, 1, '2026-02-17 23:59:59', '2026-02-17 23:59:59'),
(3, '文本情感分析API', 23, 4, '2026-02-17', 30, 29, 1, '2026-02-17 23:59:59', '2026-02-17 23:59:59'),
(4, 'OCR文字识别API', 14, 4, '2026-02-17', 45, 44, 1, '2026-02-17 23:59:59', '2026-02-17 23:59:59'),
(4, 'OCR文字识别API', 24, 4, '2026-02-17', 25, 24, 1, '2026-02-17 23:59:59', '2026-02-17 23:59:59'),
(5, '身份证验证API', 15, 5, '2026-02-17', 102, 100, 2, '2026-02-17 23:59:59', '2026-02-17 23:59:59'),
(5, '身份证验证API', 25, 5, '2026-02-17', 85, 83, 2, '2026-02-17 23:59:59', '2026-02-17 23:59:59'),
(6, '银行卡验证API', 11, 5, '2026-02-17', 75, 73, 2, '2026-02-17 23:59:59', '2026-02-17 23:59:59'),
(7, '短信验证码API', 12, 6, '2026-02-17', 62, 61, 1, '2026-02-17 23:59:59', '2026-02-17 23:59:59'),
(9, '支付宝支付API', 13, 7, '2026-02-17', 35, 35, 0, '2026-02-17 23:59:59', '2026-02-17 23:59:59'),
(10, '微信支付API', 13, 7, '2026-02-17', 30, 30, 0, '2026-02-17 23:59:59', '2026-02-17 23:59:59'),
(11, '地理编码API', 14, 8, '2026-02-17', 128, 125, 3, '2026-02-17 23:59:59', '2026-02-17 23:59:59'),
(13, '人脸检测API', 15, 9, '2026-02-17', 45, 44, 1, '2026-02-17 23:59:59', '2026-02-17 23:59:59'),
(15, '语音转文字API', 16, 10, '2026-02-17', 52, 51, 1, '2026-02-17 23:59:59', '2026-02-17 23:59:59'),
(17, '智能客服API', 17, 3, '2026-02-17', 85, 83, 2, '2026-02-17 23:59:59', '2026-02-17 23:59:59'),
(18, '汇率查询API', 18, 4, '2026-02-17', 112, 109, 3, '2026-02-17 23:59:59', '2026-02-17 23:59:59'),
(19, 'IP地址查询API', 19, 5, '2026-02-17', 238, 233, 5, '2026-02-17 23:59:59', '2026-02-17 23:59:59'),
(20, '图片压缩API', 20, 6, '2026-02-17', 145, 142, 3, '2026-02-17 23:59:59', '2026-02-17 23:59:59');

-- 2月18日（周三）
INSERT INTO `api_invoke_daily` (`api_id`, `api_name`, `caller_id`, `api_owner_id`, `stat_date`, `total_count`, `success_count`, `fail_count`, `create_time`, `update_time`) VALUES
(1, '天气查询API', 11, 3, '2026-02-18', 78, 76, 2, '2026-02-18 23:59:59', '2026-02-18 23:59:59'),
(1, '天气查询API', 21, 3, '2026-02-18', 55, 53, 2, '2026-02-18 23:59:59', '2026-02-18 23:59:59'),
(2, '股票行情API', 13, 3, '2026-02-18', 180, 175, 5, '2026-02-18 23:59:59', '2026-02-18 23:59:59'),
(2, '股票行情API', 22, 3, '2026-02-18', 60, 58, 2, '2026-02-18 23:59:59', '2026-02-18 23:59:59'),
(3, '文本情感分析API', 12, 4, '2026-02-18', 52, 51, 1, '2026-02-18 23:59:59', '2026-02-18 23:59:59'),
(3, '文本情感分析API', 23, 4, '2026-02-18', 28, 27, 1, '2026-02-18 23:59:59', '2026-02-18 23:59:59'),
(4, 'OCR文字识别API', 14, 4, '2026-02-18', 42, 41, 1, '2026-02-18 23:59:59', '2026-02-18 23:59:59'),
(4, 'OCR文字识别API', 24, 4, '2026-02-18', 23, 22, 1, '2026-02-18 23:59:59', '2026-02-18 23:59:59'),
(5, '身份证验证API', 15, 5, '2026-02-18', 98, 96, 2, '2026-02-18 23:59:59', '2026-02-18 23:59:59'),
(5, '身份证验证API', 25, 5, '2026-02-18', 82, 80, 2, '2026-02-18 23:59:59', '2026-02-18 23:59:59'),
(6, '银行卡验证API', 11, 5, '2026-02-18', 72, 70, 2, '2026-02-18 23:59:59', '2026-02-18 23:59:59'),
(7, '短信验证码API', 12, 6, '2026-02-18', 58, 57, 1, '2026-02-18 23:59:59', '2026-02-18 23:59:59'),
(7, '短信验证码API', 26, 6, '2026-02-18', 35, 34, 1, '2026-02-18 23:59:59', '2026-02-18 23:59:59'),
(9, '支付宝支付API', 13, 7, '2026-02-18', 32, 32, 0, '2026-02-18 23:59:59', '2026-02-18 23:59:59'),
(10, '微信支付API', 13, 7, '2026-02-18', 28, 28, 0, '2026-02-18 23:59:59', '2026-02-18 23:59:59'),
(11, '地理编码API', 14, 8, '2026-02-18', 122, 119, 3, '2026-02-18 23:59:59', '2026-02-18 23:59:59'),
(13, '人脸检测API', 15, 9, '2026-02-18', 42, 41, 1, '2026-02-18 23:59:59', '2026-02-18 23:59:59'),
(15, '语音转文字API', 16, 10, '2026-02-18', 48, 47, 1, '2026-02-18 23:59:59', '2026-02-18 23:59:59'),
(17, '智能客服API', 17, 3, '2026-02-18', 80, 78, 2, '2026-02-18 23:59:59', '2026-02-18 23:59:59'),
(18, '汇率查询API', 18, 4, '2026-02-18', 108, 105, 3, '2026-02-18 23:59:59', '2026-02-18 23:59:59'),
(19, 'IP地址查询API', 19, 5, '2026-02-18', 230, 225, 5, '2026-02-18 23:59:59', '2026-02-18 23:59:59'),
(20, '图片压缩API', 20, 6, '2026-02-18', 138, 135, 3, '2026-02-18 23:59:59', '2026-02-18 23:59:59');

-- 2月19日（周四）
INSERT INTO `api_invoke_daily` (`api_id`, `api_name`, `caller_id`, `api_owner_id`, `stat_date`, `total_count`, `success_count`, `fail_count`, `create_time`, `update_time`) VALUES
(1, '天气查询API', 11, 3, '2026-02-19', 85, 83, 2, '2026-02-19 23:59:59', '2026-02-19 23:59:59'),
(1, '天气查询API', 21, 3, '2026-02-19', 62, 60, 2, '2026-02-19 23:59:59', '2026-02-19 23:59:59'),
(2, '股票行情API', 13, 3, '2026-02-19', 195, 190, 5, '2026-02-19 23:59:59', '2026-02-19 23:59:59'),
(2, '股票行情API', 22, 3, '2026-02-19', 68, 66, 2, '2026-02-19 23:59:59', '2026-02-19 23:59:59'),
(3, '文本情感分析API', 12, 4, '2026-02-19', 58, 57, 1, '2026-02-19 23:59:59', '2026-02-19 23:59:59'),
(3, '文本情感分析API', 23, 4, '2026-02-19', 32, 31, 1, '2026-02-19 23:59:59', '2026-02-19 23:59:59'),
(4, 'OCR文字识别API', 14, 4, '2026-02-19', 48, 47, 1, '2026-02-19 23:59:59', '2026-02-19 23:59:59'),
(4, 'OCR文字识别API', 24, 4, '2026-02-19', 28, 27, 1, '2026-02-19 23:59:59', '2026-02-19 23:59:59'),
(5, '身份证验证API', 15, 5, '2026-02-19', 105, 103, 2, '2026-02-19 23:59:59', '2026-02-19 23:59:59'),
(5, '身份证验证API', 25, 5, '2026-02-19', 88, 86, 2, '2026-02-19 23:59:59', '2026-02-19 23:59:59'),
(6, '银行卡验证API', 11, 5, '2026-02-19', 78, 76, 2, '2026-02-19 23:59:59', '2026-02-19 23:59:59'),
(7, '短信验证码API', 12, 6, '2026-02-19', 65, 64, 1, '2026-02-19 23:59:59', '2026-02-19 23:59:59'),
(7, '短信验证码API', 26, 6, '2026-02-19', 38, 37, 1, '2026-02-19 23:59:59', '2026-02-19 23:59:59'),
(9, '支付宝支付API', 13, 7, '2026-02-19', 38, 38, 0, '2026-02-19 23:59:59', '2026-02-19 23:59:59'),
(9, '支付宝支付API', 27, 7, '2026-02-19', 18, 18, 0, '2026-02-19 23:59:59', '2026-02-19 23:59:59'),
(10, '微信支付API', 13, 7, '2026-02-19', 32, 32, 0, '2026-02-19 23:59:59', '2026-02-19 23:59:59'),
(11, '地理编码API', 14, 8, '2026-02-19', 132, 129, 3, '2026-02-19 23:59:59', '2026-02-19 23:59:59'),
(13, '人脸检测API', 15, 9, '2026-02-19', 48, 47, 1, '2026-02-19 23:59:59', '2026-02-19 23:59:59'),
(15, '语音转文字API', 16, 10, '2026-02-19', 55, 54, 1, '2026-02-19 23:59:59', '2026-02-19 23:59:59'),
(17, '智能客服API', 17, 3, '2026-02-19', 88, 86, 2, '2026-02-19 23:59:59', '2026-02-19 23:59:59'),
(18, '汇率查询API', 18, 4, '2026-02-19', 118, 115, 3, '2026-02-19 23:59:59', '2026-02-19 23:59:59'),
(19, 'IP地址查询API', 19, 5, '2026-02-19', 245, 240, 5, '2026-02-19 23:59:59', '2026-02-19 23:59:59'),
(20, '图片压缩API', 20, 6, '2026-02-19', 152, 149, 3, '2026-02-19 23:59:59', '2026-02-19 23:59:59');

-- 2月20日（周五）
INSERT INTO `api_invoke_daily` (`api_id`, `api_name`, `caller_id`, `api_owner_id`, `stat_date`, `total_count`, `success_count`, `fail_count`, `create_time`, `update_time`) VALUES
(1, '天气查询API', 11, 3, '2026-02-20', 90, 88, 2, '2026-02-20 23:59:59', '2026-02-20 23:59:59'),
(1, '天气查询API', 21, 3, '2026-02-20', 68, 66, 2, '2026-02-20 23:59:59', '2026-02-20 23:59:59'),
(2, '股票行情API', 13, 3, '2026-02-20', 205, 200, 5, '2026-02-20 23:59:59', '2026-02-20 23:59:59'),
(2, '股票行情API', 22, 3, '2026-02-20', 72, 70, 2, '2026-02-20 23:59:59', '2026-02-20 23:59:59'),
(3, '文本情感分析API', 12, 4, '2026-02-20', 62, 61, 1, '2026-02-20 23:59:59', '2026-02-20 23:59:59'),
(3, '文本情感分析API', 23, 4, '2026-02-20', 35, 34, 1, '2026-02-20 23:59:59', '2026-02-20 23:59:59'),
(4, 'OCR文字识别API', 14, 4, '2026-02-20', 52, 51, 1, '2026-02-20 23:59:59', '2026-02-20 23:59:59'),
(4, 'OCR文字识别API', 24, 4, '2026-02-20', 30, 29, 1, '2026-02-20 23:59:59', '2026-02-20 23:59:59'),
(5, '身份证验证API', 15, 5, '2026-02-20', 112, 110, 2, '2026-02-20 23:59:59', '2026-02-20 23:59:59'),
(5, '身份证验证API', 25, 5, '2026-02-20', 95, 93, 2, '2026-02-20 23:59:59', '2026-02-20 23:59:59'),
(6, '银行卡验证API', 11, 5, '2026-02-20', 82, 80, 2, '2026-02-20 23:59:59', '2026-02-20 23:59:59'),
(7, '短信验证码API', 12, 6, '2026-02-20', 68, 67, 1, '2026-02-20 23:59:59', '2026-02-20 23:59:59'),
(7, '短信验证码API', 26, 6, '2026-02-20', 42, 41, 1, '2026-02-20 23:59:59', '2026-02-20 23:59:59'),
(9, '支付宝支付API', 13, 7, '2026-02-20', 42, 42, 0, '2026-02-20 23:59:59', '2026-02-20 23:59:59'),
(9, '支付宝支付API', 27, 7, '2026-02-20', 22, 22, 0, '2026-02-20 23:59:59', '2026-02-20 23:59:59'),
(10, '微信支付API', 13, 7, '2026-02-20', 35, 35, 0, '2026-02-20 23:59:59', '2026-02-20 23:59:59'),
(10, '微信支付API', 28, 7, '2026-02-20', 18, 18, 0, '2026-02-20 23:59:59', '2026-02-20 23:59:59'),
(11, '地理编码API', 14, 8, '2026-02-20', 138, 135, 3, '2026-02-20 23:59:59', '2026-02-20 23:59:59'),
(13, '人脸检测API', 15, 9, '2026-02-20', 52, 51, 1, '2026-02-20 23:59:59', '2026-02-20 23:59:59'),
(15, '语音转文字API', 16, 10, '2026-02-20', 58, 57, 1, '2026-02-20 23:59:59', '2026-02-20 23:59:59'),
(17, '智能客服API', 17, 3, '2026-02-20', 95, 93, 2, '2026-02-20 23:59:59', '2026-02-20 23:59:59'),
(18, '汇率查询API', 18, 4, '2026-02-20', 125, 122, 3, '2026-02-20 23:59:59', '2026-02-20 23:59:59'),
(19, 'IP地址查询API', 19, 5, '2026-02-20', 260, 255, 5, '2026-02-20 23:59:59', '2026-02-20 23:59:59'),
(20, '图片压缩API', 20, 6, '2026-02-20', 165, 162, 3, '2026-02-20 23:59:59', '2026-02-20 23:59:59');

-- 2月21日（周六）
INSERT INTO `api_invoke_daily` (`api_id`, `api_name`, `caller_id`, `api_owner_id`, `stat_date`, `total_count`, `success_count`, `fail_count`, `create_time`, `update_time`) VALUES
(1, '天气查询API', 11, 3, '2026-02-21', 35, 34, 1, '2026-02-21 23:59:59', '2026-02-21 23:59:59'),
(1, '天气查询API', 21, 3, '2026-02-21', 22, 21, 1, '2026-02-21 23:59:59', '2026-02-21 23:59:59'),
(2, '股票行情API', 13, 3, '2026-02-21', 60, 58, 2, '2026-02-21 23:59:59', '2026-02-21 23:59:59'),
(2, '股票行情API', 22, 3, '2026-02-21', 38, 37, 1, '2026-02-21 23:59:59', '2026-02-21 23:59:59'),
(3, '文本情感分析API', 12, 4, '2026-02-21', 18, 18, 0, '2026-02-21 23:59:59', '2026-02-21 23:59:59'),
(11, '地理编码API', 14, 8, '2026-02-21', 48, 47, 1, '2026-02-21 23:59:59', '2026-02-21 23:59:59'),
(11, '地理编码API', 29, 8, '2026-02-21', 85, 83, 2, '2026-02-21 23:59:59', '2026-02-21 23:59:59'),
(17, '智能客服API', 17, 3, '2026-02-21', 32, 31, 1, '2026-02-21 23:59:59', '2026-02-21 23:59:59'),
(19, 'IP地址查询API', 19, 5, '2026-02-21', 95, 93, 2, '2026-02-21 23:59:59', '2026-02-21 23:59:59'),
(20, '图片压缩API', 20, 6, '2026-02-21', 55, 54, 1, '2026-02-21 23:59:59', '2026-02-21 23:59:59');

-- 2月22日（周日）
INSERT INTO `api_invoke_daily` (`api_id`, `api_name`, `caller_id`, `api_owner_id`, `stat_date`, `total_count`, `success_count`, `fail_count`, `create_time`, `update_time`) VALUES
(1, '天气查询API', 11, 3, '2026-02-22', 28, 27, 1, '2026-02-22 23:59:59', '2026-02-22 23:59:59'),
(1, '天气查询API', 21, 3, '2026-02-22', 18, 17, 1, '2026-02-22 23:59:59', '2026-02-22 23:59:59'),
(2, '股票行情API', 22, 3, '2026-02-22', 32, 31, 1, '2026-02-22 23:59:59', '2026-02-22 23:59:59'),
(3, '文本情感分析API', 12, 4, '2026-02-22', 15, 15, 0, '2026-02-22 23:59:59', '2026-02-22 23:59:59'),
(11, '地理编码API', 29, 8, '2026-02-22', 72, 70, 2, '2026-02-22 23:59:59', '2026-02-22 23:59:59'),
(13, '人脸检测API', 15, 9, '2026-02-22', 22, 21, 1, '2026-02-22 23:59:59', '2026-02-22 23:59:59'),
(13, '人脸检测API', 30, 9, '2026-02-22', 35, 34, 1, '2026-02-22 23:59:59', '2026-02-22 23:59:59'),
(17, '智能客服API', 17, 3, '2026-02-22', 25, 24, 1, '2026-02-22 23:59:59', '2026-02-22 23:59:59'),
(19, 'IP地址查询API', 19, 5, '2026-02-22', 75, 73, 2, '2026-02-22 23:59:59', '2026-02-22 23:59:59');

-- 2月23日（周一）
INSERT INTO `api_invoke_daily` (`api_id`, `api_name`, `caller_id`, `api_owner_id`, `stat_date`, `total_count`, `success_count`, `fail_count`, `create_time`, `update_time`) VALUES
(1, '天气查询API', 11, 3, '2026-02-23', 95, 93, 2, '2026-02-23 23:59:59', '2026-02-23 23:59:59'),
(1, '天气查询API', 21, 3, '2026-02-23', 72, 70, 2, '2026-02-23 23:59:59', '2026-02-23 23:59:59'),
(2, '股票行情API', 13, 3, '2026-02-23', 215, 210, 5, '2026-02-23 23:59:59', '2026-02-23 23:59:59'),
(2, '股票行情API', 22, 3, '2026-02-23', 78, 76, 2, '2026-02-23 23:59:59', '2026-02-23 23:59:59'),
(3, '文本情感分析API', 12, 4, '2026-02-23', 68, 67, 1, '2026-02-23 23:59:59', '2026-02-23 23:59:59'),
(3, '文本情感分析API', 23, 4, '2026-02-23', 38, 37, 1, '2026-02-23 23:59:59', '2026-02-23 23:59:59'),
(4, 'OCR文字识别API', 14, 4, '2026-02-23', 58, 57, 1, '2026-02-23 23:59:59', '2026-02-23 23:59:59'),
(4, 'OCR文字识别API', 24, 4, '2026-02-23', 32, 31, 1, '2026-02-23 23:59:59', '2026-02-23 23:59:59'),
(5, '身份证验证API', 15, 5, '2026-02-23', 118, 116, 2, '2026-02-23 23:59:59', '2026-02-23 23:59:59'),
(5, '身份证验证API', 25, 5, '2026-02-23', 102, 100, 2, '2026-02-23 23:59:59', '2026-02-23 23:59:59'),
(6, '银行卡验证API', 11, 5, '2026-02-23', 88, 86, 2, '2026-02-23 23:59:59', '2026-02-23 23:59:59'),
(7, '短信验证码API', 12, 6, '2026-02-23', 72, 71, 1, '2026-02-23 23:59:59', '2026-02-23 23:59:59'),
(7, '短信验证码API', 26, 6, '2026-02-23', 45, 44, 1, '2026-02-23 23:59:59', '2026-02-23 23:59:59'),
(9, '支付宝支付API', 13, 7, '2026-02-23', 48, 48, 0, '2026-02-23 23:59:59', '2026-02-23 23:59:59'),
(9, '支付宝支付API', 27, 7, '2026-02-23', 25, 25, 0, '2026-02-23 23:59:59', '2026-02-23 23:59:59'),
(10, '微信支付API', 13, 7, '2026-02-23', 38, 38, 0, '2026-02-23 23:59:59', '2026-02-23 23:59:59'),
(10, '微信支付API', 28, 7, '2026-02-23', 22, 22, 0, '2026-02-23 23:59:59', '2026-02-23 23:59:59'),
(11, '地理编码API', 14, 8, '2026-02-23', 145, 142, 3, '2026-02-23 23:59:59', '2026-02-23 23:59:59'),
(11, '地理编码API', 29, 8, '2026-02-23', 95, 93, 2, '2026-02-23 23:59:59', '2026-02-23 23:59:59'),
(13, '人脸检测API', 15, 9, '2026-02-23', 58, 57, 1, '2026-02-23 23:59:59', '2026-02-23 23:59:59'),
(13, '人脸检测API', 30, 9, '2026-02-23', 42, 41, 1, '2026-02-23 23:59:59', '2026-02-23 23:59:59'),
(15, '语音转文字API', 16, 10, '2026-02-23', 62, 61, 1, '2026-02-23 23:59:59', '2026-02-23 23:59:59'),
(15, '语音转文字API', 31, 10, '2026-02-23', 45, 44, 1, '2026-02-23 23:59:59', '2026-02-23 23:59:59'),
(16, '文字转语音API', 32, 10, '2026-02-23', 55, 54, 1, '2026-02-23 23:59:59', '2026-02-23 23:59:59'),
(17, '智能客服API', 17, 3, '2026-02-23', 102, 100, 2, '2026-02-23 23:59:59', '2026-02-23 23:59:59'),
(17, '智能客服API', 33, 3, '2026-02-23', 65, 63, 2, '2026-02-23 23:59:59', '2026-02-23 23:59:59'),
(18, '汇率查询API', 18, 4, '2026-02-23', 132, 129, 3, '2026-02-23 23:59:59', '2026-02-23 23:59:59'),
(19, 'IP地址查询API', 19, 5, '2026-02-23', 275, 270, 5, '2026-02-23 23:59:59', '2026-02-23 23:59:59'),
(20, '图片压缩API', 20, 6, '2026-02-23', 175, 172, 3, '2026-02-23 23:59:59', '2026-02-23 23:59:59');

-- 2月24日（周二）
INSERT INTO `api_invoke_daily` (`api_id`, `api_name`, `caller_id`, `api_owner_id`, `stat_date`, `total_count`, `success_count`, `fail_count`, `create_time`, `update_time`) VALUES
(1, '天气查询API', 11, 3, '2026-02-24', 100, 98, 2, '2026-02-24 23:59:59', '2026-02-24 23:59:59'),
(1, '天气查询API', 21, 3, '2026-02-24', 78, 76, 2, '2026-02-24 23:59:59', '2026-02-24 23:59:59'),
(2, '股票行情API', 13, 3, '2026-02-24', 222, 217, 5, '2026-02-24 23:59:59', '2026-02-24 23:59:59'),
(2, '股票行情API', 22, 3, '2026-02-24', 82, 80, 2, '2026-02-24 23:59:59', '2026-02-24 23:59:59'),
(3, '文本情感分析API', 12, 4, '2026-02-24', 72, 71, 1, '2026-02-24 23:59:59', '2026-02-24 23:59:59'),
(3, '文本情感分析API', 23, 4, '2026-02-24', 42, 41, 1, '2026-02-24 23:59:59', '2026-02-24 23:59:59'),
(4, 'OCR文字识别API', 14, 4, '2026-02-24', 62, 61, 1, '2026-02-24 23:59:59', '2026-02-24 23:59:59'),
(4, 'OCR文字识别API', 24, 4, '2026-02-24', 35, 34, 1, '2026-02-24 23:59:59', '2026-02-24 23:59:59'),
(5, '身份证验证API', 15, 5, '2026-02-24', 125, 123, 2, '2026-02-24 23:59:59', '2026-02-24 23:59:59'),
(5, '身份证验证API', 25, 5, '2026-02-24', 108, 106, 2, '2026-02-24 23:59:59', '2026-02-24 23:59:59'),
(6, '银行卡验证API', 11, 5, '2026-02-24', 92, 90, 2, '2026-02-24 23:59:59', '2026-02-24 23:59:59'),
(7, '短信验证码API', 12, 6, '2026-02-24', 78, 77, 1, '2026-02-24 23:59:59', '2026-02-24 23:59:59'),
(7, '短信验证码API', 26, 6, '2026-02-24', 48, 47, 1, '2026-02-24 23:59:59', '2026-02-24 23:59:59'),
(9, '支付宝支付API', 13, 7, '2026-02-24', 52, 52, 0, '2026-02-24 23:59:59', '2026-02-24 23:59:59'),
(9, '支付宝支付API', 27, 7, '2026-02-24', 28, 28, 0, '2026-02-24 23:59:59', '2026-02-24 23:59:59'),
(10, '微信支付API', 13, 7, '2026-02-24', 42, 42, 0, '2026-02-24 23:59:59', '2026-02-24 23:59:59'),
(10, '微信支付API', 28, 7, '2026-02-24', 25, 25, 0, '2026-02-24 23:59:59', '2026-02-24 23:59:59'),
(11, '地理编码API', 14, 8, '2026-02-24', 152, 149, 3, '2026-02-24 23:59:59', '2026-02-24 23:59:59'),
(11, '地理编码API', 29, 8, '2026-02-24', 102, 100, 2, '2026-02-24 23:59:59', '2026-02-24 23:59:59'),
(13, '人脸检测API', 15, 9, '2026-02-24', 62, 61, 1, '2026-02-24 23:59:59', '2026-02-24 23:59:59'),
(13, '人脸检测API', 30, 9, '2026-02-24', 48, 47, 1, '2026-02-24 23:59:59', '2026-02-24 23:59:59'),
(15, '语音转文字API', 16, 10, '2026-02-24', 68, 67, 1, '2026-02-24 23:59:59', '2026-02-24 23:59:59'),
(15, '语音转文字API', 31, 10, '2026-02-24', 52, 51, 1, '2026-02-24 23:59:59', '2026-02-24 23:59:59'),
(16, '文字转语音API', 32, 10, '2026-02-24', 62, 61, 1, '2026-02-24 23:59:59', '2026-02-24 23:59:59'),
(17, '智能客服API', 17, 3, '2026-02-24', 108, 106, 2, '2026-02-24 23:59:59', '2026-02-24 23:59:59'),
(17, '智能客服API', 33, 3, '2026-02-24', 72, 70, 2, '2026-02-24 23:59:59', '2026-02-24 23:59:59'),
(18, '汇率查询API', 18, 4, '2026-02-24', 138, 135, 3, '2026-02-24 23:59:59', '2026-02-24 23:59:59'),
(19, 'IP地址查询API', 19, 5, '2026-02-24', 288, 283, 5, '2026-02-24 23:59:59', '2026-02-24 23:59:59'),
(20, '图片压缩API', 20, 6, '2026-02-24', 185, 182, 3, '2026-02-24 23:59:59', '2026-02-24 23:59:59');

-- 2月25日（周三）
INSERT INTO `api_invoke_daily` (`api_id`, `api_name`, `caller_id`, `api_owner_id`, `stat_date`, `total_count`, `success_count`, `fail_count`, `create_time`, `update_time`) VALUES
(1, '天气查询API', 11, 3, '2026-02-25', 98, 96, 2, '2026-02-25 23:59:59', '2026-02-25 23:59:59'),
(1, '天气查询API', 21, 3, '2026-02-25', 75, 73, 2, '2026-02-25 23:59:59', '2026-02-25 23:59:59'),
(2, '股票行情API', 13, 3, '2026-02-25', 218, 213, 5, '2026-02-25 23:59:59', '2026-02-25 23:59:59'),
(2, '股票行情API', 22, 3, '2026-02-25', 80, 78, 2, '2026-02-25 23:59:59', '2026-02-25 23:59:59'),
(3, '文本情感分析API', 12, 4, '2026-02-25', 70, 69, 1, '2026-02-25 23:59:59', '2026-02-25 23:59:59'),
(3, '文本情感分析API', 23, 4, '2026-02-25', 40, 39, 1, '2026-02-25 23:59:59', '2026-02-25 23:59:59'),
(4, 'OCR文字识别API', 14, 4, '2026-02-25', 60, 59, 1, '2026-02-25 23:59:59', '2026-02-25 23:59:59'),
(4, 'OCR文字识别API', 24, 4, '2026-02-25', 33, 32, 1, '2026-02-25 23:59:59', '2026-02-25 23:59:59'),
(5, '身份证验证API', 15, 5, '2026-02-25', 120, 118, 2, '2026-02-25 23:59:59', '2026-02-25 23:59:59'),
(5, '身份证验证API', 25, 5, '2026-02-25', 105, 103, 2, '2026-02-25 23:59:59', '2026-02-25 23:59:59'),
(6, '银行卡验证API', 11, 5, '2026-02-25', 90, 88, 2, '2026-02-25 23:59:59', '2026-02-25 23:59:59'),
(7, '短信验证码API', 12, 6, '2026-02-25', 75, 74, 1, '2026-02-25 23:59:59', '2026-02-25 23:59:59'),
(7, '短信验证码API', 26, 6, '2026-02-25', 46, 45, 1, '2026-02-25 23:59:59', '2026-02-25 23:59:59'),
(9, '支付宝支付API', 13, 7, '2026-02-25', 50, 50, 0, '2026-02-25 23:59:59', '2026-02-25 23:59:59'),
(10, '微信支付API', 13, 7, '2026-02-25', 40, 40, 0, '2026-02-25 23:59:59', '2026-02-25 23:59:59'),
(11, '地理编码API', 14, 8, '2026-02-25', 148, 145, 3, '2026-02-25 23:59:59', '2026-02-25 23:59:59'),
(11, '地理编码API', 29, 8, '2026-02-25', 98, 96, 2, '2026-02-25 23:59:59', '2026-02-25 23:59:59'),
(13, '人脸检测API', 15, 9, '2026-02-25', 60, 59, 1, '2026-02-25 23:59:59', '2026-02-25 23:59:59'),
(13, '人脸检测API', 30, 9, '2026-02-25', 45, 44, 1, '2026-02-25 23:59:59', '2026-02-25 23:59:59'),
(15, '语音转文字API', 16, 10, '2026-02-25', 65, 64, 1, '2026-02-25 23:59:59', '2026-02-25 23:59:59'),
(15, '语音转文字API', 31, 10, '2026-02-25', 48, 47, 1, '2026-02-25 23:59:59', '2026-02-25 23:59:59'),
(16, '文字转语音API', 32, 10, '2026-02-25', 58, 57, 1, '2026-02-25 23:59:59', '2026-02-25 23:59:59'),
(17, '智能客服API', 17, 3, '2026-02-25', 105, 103, 2, '2026-02-25 23:59:59', '2026-02-25 23:59:59'),
(17, '智能客服API', 33, 3, '2026-02-25', 68, 66, 2, '2026-02-25 23:59:59', '2026-02-25 23:59:59'),
(18, '汇率查询API', 18, 4, '2026-02-25', 135, 132, 3, '2026-02-25 23:59:59', '2026-02-25 23:59:59'),
(19, 'IP地址查询API', 19, 5, '2026-02-25', 282, 277, 5, '2026-02-25 23:59:59', '2026-02-25 23:59:59'),
(20, '图片压缩API', 20, 6, '2026-02-25', 180, 177, 3, '2026-02-25 23:59:59', '2026-02-25 23:59:59');

-- 2月26日（周四）
INSERT INTO `api_invoke_daily` (`api_id`, `api_name`, `caller_id`, `api_owner_id`, `stat_date`, `total_count`, `success_count`, `fail_count`, `create_time`, `update_time`) VALUES
(1, '天气查询API', 11, 3, '2026-02-26', 105, 103, 2, '2026-02-26 23:59:59', '2026-02-26 23:59:59'),
(1, '天气查询API', 21, 3, '2026-02-26', 82, 80, 2, '2026-02-26 23:59:59', '2026-02-26 23:59:59'),
(2, '股票行情API', 13, 3, '2026-02-26', 228, 223, 5, '2026-02-26 23:59:59', '2026-02-26 23:59:59'),
(2, '股票行情API', 22, 3, '2026-02-26', 85, 83, 2, '2026-02-26 23:59:59', '2026-02-26 23:59:59'),
(3, '文本情感分析API', 12, 4, '2026-02-26', 75, 74, 1, '2026-02-26 23:59:59', '2026-02-26 23:59:59'),
(3, '文本情感分析API', 23, 4, '2026-02-26', 45, 44, 1, '2026-02-26 23:59:59', '2026-02-26 23:59:59'),
(4, 'OCR文字识别API', 14, 4, '2026-02-26', 65, 64, 1, '2026-02-26 23:59:59', '2026-02-26 23:59:59'),
(4, 'OCR文字识别API', 24, 4, '2026-02-26', 38, 37, 1, '2026-02-26 23:59:59', '2026-02-26 23:59:59'),
(5, '身份证验证API', 15, 5, '2026-02-26', 128, 126, 2, '2026-02-26 23:59:59', '2026-02-26 23:59:59'),
(5, '身份证验证API', 25, 5, '2026-02-26', 112, 110, 2, '2026-02-26 23:59:59', '2026-02-26 23:59:59'),
(6, '银行卡验证API', 11, 5, '2026-02-26', 95, 93, 2, '2026-02-26 23:59:59', '2026-02-26 23:59:59'),
(7, '短信验证码API', 12, 6, '2026-02-26', 82, 81, 1, '2026-02-26 23:59:59', '2026-02-26 23:59:59'),
(7, '短信验证码API', 26, 6, '2026-02-26', 50, 49, 1, '2026-02-26 23:59:59', '2026-02-26 23:59:59'),
(9, '支付宝支付API', 13, 7, '2026-02-26', 55, 55, 0, '2026-02-26 23:59:59', '2026-02-26 23:59:59'),
(10, '微信支付API', 13, 7, '2026-02-26', 45, 45, 0, '2026-02-26 23:59:59', '2026-02-26 23:59:59'),
(11, '地理编码API', 14, 8, '2026-02-26', 158, 155, 3, '2026-02-26 23:59:59', '2026-02-26 23:59:59'),
(11, '地理编码API', 29, 8, '2026-02-26', 105, 103, 2, '2026-02-26 23:59:59', '2026-02-26 23:59:59'),
(13, '人脸检测API', 15, 9, '2026-02-26', 65, 64, 1, '2026-02-26 23:59:59', '2026-02-26 23:59:59'),
(13, '人脸检测API', 30, 9, '2026-02-26', 50, 49, 1, '2026-02-26 23:59:59', '2026-02-26 23:59:59'),
(15, '语音转文字API', 16, 10, '2026-02-26', 72, 71, 1, '2026-02-26 23:59:59', '2026-02-26 23:59:59'),
(15, '语音转文字API', 31, 10, '2026-02-26', 55, 54, 1, '2026-02-26 23:59:59', '2026-02-26 23:59:59'),
(16, '文字转语音API', 32, 10, '2026-02-26', 65, 64, 1, '2026-02-26 23:59:59', '2026-02-26 23:59:59'),
(17, '智能客服API', 17, 3, '2026-02-26', 112, 110, 2, '2026-02-26 23:59:59', '2026-02-26 23:59:59'),
(17, '智能客服API', 33, 3, '2026-02-26', 75, 73, 2, '2026-02-26 23:59:59', '2026-02-26 23:59:59'),
(18, '汇率查询API', 18, 4, '2026-02-26', 142, 139, 3, '2026-02-26 23:59:59', '2026-02-26 23:59:59'),
(18, '汇率查询API', 34, 4, '2026-02-26', 85, 83, 2, '2026-02-26 23:59:59', '2026-02-26 23:59:59'),
(19, 'IP地址查询API', 19, 5, '2026-02-26', 295, 290, 5, '2026-02-26 23:59:59', '2026-02-26 23:59:59'),
(19, 'IP地址查询API', 35, 5, '2026-02-26', 180, 176, 4, '2026-02-26 23:59:59', '2026-02-26 23:59:59'),
(20, '图片压缩API', 20, 6, '2026-02-26', 192, 189, 3, '2026-02-26 23:59:59', '2026-02-26 23:59:59');

-- 2月27日（周五）
INSERT INTO `api_invoke_daily` (`api_id`, `api_name`, `caller_id`, `api_owner_id`, `stat_date`, `total_count`, `success_count`, `fail_count`, `create_time`, `update_time`) VALUES
(1, '天气查询API', 11, 3, '2026-02-27', 110, 108, 2, '2026-02-27 23:59:59', '2026-02-27 23:59:59'),
(1, '天气查询API', 21, 3, '2026-02-27', 88, 86, 2, '2026-02-27 23:59:59', '2026-02-27 23:59:59'),
(2, '股票行情API', 13, 3, '2026-02-27', 235, 230, 5, '2026-02-27 23:59:59', '2026-02-27 23:59:59'),
(2, '股票行情API', 22, 3, '2026-02-27', 90, 88, 2, '2026-02-27 23:59:59', '2026-02-27 23:59:59'),
(3, '文本情感分析API', 12, 4, '2026-02-27', 78, 77, 1, '2026-02-27 23:59:59', '2026-02-27 23:59:59'),
(3, '文本情感分析API', 23, 4, '2026-02-27', 48, 47, 1, '2026-02-27 23:59:59', '2026-02-27 23:59:59'),
(4, 'OCR文字识别API', 14, 4, '2026-02-27', 68, 67, 1, '2026-02-27 23:59:59', '2026-02-27 23:59:59'),
(4, 'OCR文字识别API', 24, 4, '2026-02-27', 40, 39, 1, '2026-02-27 23:59:59', '2026-02-27 23:59:59'),
(5, '身份证验证API', 15, 5, '2026-02-27', 132, 130, 2, '2026-02-27 23:59:59', '2026-02-27 23:59:59'),
(5, '身份证验证API', 25, 5, '2026-02-27', 115, 113, 2, '2026-02-27 23:59:59', '2026-02-27 23:59:59'),
(6, '银行卡验证API', 11, 5, '2026-02-27', 98, 96, 2, '2026-02-27 23:59:59', '2026-02-27 23:59:59'),
(7, '短信验证码API', 12, 6, '2026-02-27', 85, 84, 1, '2026-02-27 23:59:59', '2026-02-27 23:59:59'),
(7, '短信验证码API', 26, 6, '2026-02-27', 52, 51, 1, '2026-02-27 23:59:59', '2026-02-27 23:59:59'),
(9, '支付宝支付API', 13, 7, '2026-02-27', 58, 58, 0, '2026-02-27 23:59:59', '2026-02-27 23:59:59'),
(10, '微信支付API', 13, 7, '2026-02-27', 48, 48, 0, '2026-02-27 23:59:59', '2026-02-27 23:59:59'),
(11, '地理编码API', 14, 8, '2026-02-27', 165, 162, 3, '2026-02-27 23:59:59', '2026-02-27 23:59:59'),
(11, '地理编码API', 29, 8, '2026-02-27', 108, 106, 2, '2026-02-27 23:59:59', '2026-02-27 23:59:59'),
(13, '人脸检测API', 15, 9, '2026-02-27', 68, 67, 1, '2026-02-27 23:59:59', '2026-02-27 23:59:59'),
(13, '人脸检测API', 30, 9, '2026-02-27', 52, 51, 1, '2026-02-27 23:59:59', '2026-02-27 23:59:59'),
(15, '语音转文字API', 16, 10, '2026-02-27', 75, 74, 1, '2026-02-27 23:59:59', '2026-02-27 23:59:59'),
(15, '语音转文字API', 31, 10, '2026-02-27', 58, 57, 1, '2026-02-27 23:59:59', '2026-02-27 23:59:59'),
(16, '文字转语音API', 32, 10, '2026-02-27', 68, 67, 1, '2026-02-27 23:59:59', '2026-02-27 23:59:59'),
(17, '智能客服API', 17, 3, '2026-02-27', 118, 116, 2, '2026-02-27 23:59:59', '2026-02-27 23:59:59'),
(17, '智能客服API', 33, 3, '2026-02-27', 78, 76, 2, '2026-02-27 23:59:59', '2026-02-27 23:59:59'),
(18, '汇率查询API', 18, 4, '2026-02-27', 148, 145, 3, '2026-02-27 23:59:59', '2026-02-27 23:59:59'),
(18, '汇率查询API', 34, 4, '2026-02-27', 90, 88, 2, '2026-02-27 23:59:59', '2026-02-27 23:59:59'),
(19, 'IP地址查询API', 19, 5, '2026-02-27', 305, 300, 5, '2026-02-27 23:59:59', '2026-02-27 23:59:59'),
(19, 'IP地址查询API', 35, 5, '2026-02-27', 188, 184, 4, '2026-02-27 23:59:59', '2026-02-27 23:59:59'),
(20, '图片压缩API', 20, 6, '2026-02-27', 200, 197, 3, '2026-02-27 23:59:59', '2026-02-27 23:59:59');

-- 2月28日（周六）
INSERT INTO `api_invoke_daily` (`api_id`, `api_name`, `caller_id`, `api_owner_id`, `stat_date`, `total_count`, `success_count`, `fail_count`, `create_time`, `update_time`) VALUES
(1, '天气查询API', 11, 3, '2026-02-28', 42, 41, 1, '2026-02-28 23:59:59', '2026-02-28 23:59:59'),
(1, '天气查询API', 21, 3, '2026-02-28', 28, 27, 1, '2026-02-28 23:59:59', '2026-02-28 23:59:59'),
(1, '天气查询API', 36, 3, '2026-02-28', 35, 34, 1, '2026-02-28 23:59:59', '2026-02-28 23:59:59'),
(2, '股票行情API', 13, 3, '2026-02-28', 65, 63, 2, '2026-02-28 23:59:59', '2026-02-28 23:59:59'),
(2, '股票行情API', 22, 3, '2026-02-28', 42, 41, 1, '2026-02-28 23:59:59', '2026-02-28 23:59:59'),
(3, '文本情感分析API', 12, 4, '2026-02-28', 22, 22, 0, '2026-02-28 23:59:59', '2026-02-28 23:59:59'),
(11, '地理编码API', 14, 8, '2026-02-28', 55, 54, 1, '2026-02-28 23:59:59', '2026-02-28 23:59:59'),
(11, '地理编码API', 29, 8, '2026-02-28', 45, 44, 1, '2026-02-28 23:59:59', '2026-02-28 23:59:59'),
(17, '智能客服API', 17, 3, '2026-02-28', 38, 37, 1, '2026-02-28 23:59:59', '2026-02-28 23:59:59'),
(19, 'IP地址查询API', 19, 5, '2026-02-28', 105, 103, 2, '2026-02-28 23:59:59', '2026-02-28 23:59:59'),
(19, 'IP地址查询API', 35, 5, '2026-02-28', 65, 63, 2, '2026-02-28 23:59:59', '2026-02-28 23:59:59'),
(20, '图片压缩API', 20, 6, '2026-02-28', 62, 61, 1, '2026-02-28 23:59:59', '2026-02-28 23:59:59');

-- 3月1日（周日）
INSERT INTO `api_invoke_daily` (`api_id`, `api_name`, `caller_id`, `api_owner_id`, `stat_date`, `total_count`, `success_count`, `fail_count`, `create_time`, `update_time`) VALUES
(1, '天气查询API', 11, 3, '2026-03-01', 35, 34, 1, '2026-03-01 23:59:59', '2026-03-01 23:59:59'),
(1, '天气查询API', 21, 3, '2026-03-01', 22, 21, 1, '2026-03-01 23:59:59', '2026-03-01 23:59:59'),
(1, '天气查询API', 36, 3, '2026-03-01', 28, 27, 1, '2026-03-01 23:59:59', '2026-03-01 23:59:59'),
(2, '股票行情API', 22, 3, '2026-03-01', 38, 37, 1, '2026-03-01 23:59:59', '2026-03-01 23:59:59'),
(2, '股票行情API', 37, 3, '2026-03-01', 55, 53, 2, '2026-03-01 23:59:59', '2026-03-01 23:59:59'),
(3, '文本情感分析API', 12, 4, '2026-03-01', 18, 18, 0, '2026-03-01 23:59:59', '2026-03-01 23:59:59'),
(11, '地理编码API', 29, 8, '2026-03-01', 38, 37, 1, '2026-03-01 23:59:59', '2026-03-01 23:59:59'),
(17, '智能客服API', 17, 3, '2026-03-01', 28, 27, 1, '2026-03-01 23:59:59', '2026-03-01 23:59:59'),
(19, 'IP地址查询API', 19, 5, '2026-03-01', 85, 83, 2, '2026-03-01 23:59:59', '2026-03-01 23:59:59'),
(19, 'IP地址查询API', 35, 5, '2026-03-01', 52, 51, 1, '2026-03-01 23:59:59', '2026-03-01 23:59:59');

-- 3月2日（周一）
INSERT INTO `api_invoke_daily` (`api_id`, `api_name`, `caller_id`, `api_owner_id`, `stat_date`, `total_count`, `success_count`, `fail_count`, `create_time`, `update_time`) VALUES
(1, '天气查询API', 11, 3, '2026-03-02', 115, 113, 2, '2026-03-02 23:59:59', '2026-03-02 23:59:59'),
(1, '天气查询API', 21, 3, '2026-03-02', 92, 90, 2, '2026-03-02 23:59:59', '2026-03-02 23:59:59'),
(1, '天气查询API', 36, 3, '2026-03-02', 45, 44, 1, '2026-03-02 23:59:59', '2026-03-02 23:59:59'),
(2, '股票行情API', 13, 3, '2026-03-02', 242, 237, 5, '2026-03-02 23:59:59', '2026-03-02 23:59:59'),
(2, '股票行情API', 22, 3, '2026-03-02', 95, 93, 2, '2026-03-02 23:59:59', '2026-03-02 23:59:59'),
(2, '股票行情API', 37, 3, '2026-03-02', 62, 60, 2, '2026-03-02 23:59:59', '2026-03-02 23:59:59'),
(3, '文本情感分析API', 12, 4, '2026-03-02', 82, 81, 1, '2026-03-02 23:59:59', '2026-03-02 23:59:59'),
(3, '文本情感分析API', 23, 4, '2026-03-02', 52, 51, 1, '2026-03-02 23:59:59', '2026-03-02 23:59:59'),
(3, '文本情感分析API', 38, 4, '2026-03-02', 35, 34, 1, '2026-03-02 23:59:59', '2026-03-02 23:59:59'),
(4, 'OCR文字识别API', 14, 4, '2026-03-02', 72, 71, 1, '2026-03-02 23:59:59', '2026-03-02 23:59:59'),
(4, 'OCR文字识别API', 24, 4, '2026-03-02', 42, 41, 1, '2026-03-02 23:59:59', '2026-03-02 23:59:59'),
(5, '身份证验证API', 15, 5, '2026-03-02', 138, 136, 2, '2026-03-02 23:59:59', '2026-03-02 23:59:59'),
(5, '身份证验证API', 25, 5, '2026-03-02', 120, 118, 2, '2026-03-02 23:59:59', '2026-03-02 23:59:59'),
(6, '银行卡验证API', 11, 5, '2026-03-02', 102, 100, 2, '2026-03-02 23:59:59', '2026-03-02 23:59:59'),
(7, '短信验证码API', 12, 6, '2026-03-02', 88, 87, 1, '2026-03-02 23:59:59', '2026-03-02 23:59:59'),
(7, '短信验证码API', 26, 6, '2026-03-02', 55, 54, 1, '2026-03-02 23:59:59', '2026-03-02 23:59:59'),
(9, '支付宝支付API', 13, 7, '2026-03-02', 62, 62, 0, '2026-03-02 23:59:59', '2026-03-02 23:59:59'),
(10, '微信支付API', 13, 7, '2026-03-02', 52, 52, 0, '2026-03-02 23:59:59', '2026-03-02 23:59:59'),
(11, '地理编码API', 14, 8, '2026-03-02', 172, 169, 3, '2026-03-02 23:59:59', '2026-03-02 23:59:59'),
(11, '地理编码API', 29, 8, '2026-03-02', 112, 110, 2, '2026-03-02 23:59:59', '2026-03-02 23:59:59'),
(13, '人脸检测API', 15, 9, '2026-03-02', 72, 71, 1, '2026-03-02 23:59:59', '2026-03-02 23:59:59'),
(13, '人脸检测API', 30, 9, '2026-03-02', 55, 54, 1, '2026-03-02 23:59:59', '2026-03-02 23:59:59'),
(15, '语音转文字API', 16, 10, '2026-03-02', 78, 77, 1, '2026-03-02 23:59:59', '2026-03-02 23:59:59'),
(15, '语音转文字API', 31, 10, '2026-03-02', 62, 61, 1, '2026-03-02 23:59:59', '2026-03-02 23:59:59'),
(16, '文字转语音API', 32, 10, '2026-03-02', 72, 71, 1, '2026-03-02 23:59:59', '2026-03-02 23:59:59'),
(17, '智能客服API', 17, 3, '2026-03-02', 125, 123, 2, '2026-03-02 23:59:59', '2026-03-02 23:59:59'),
(17, '智能客服API', 33, 3, '2026-03-02', 82, 80, 2, '2026-03-02 23:59:59', '2026-03-02 23:59:59'),
(18, '汇率查询API', 18, 4, '2026-03-02', 155, 152, 3, '2026-03-02 23:59:59', '2026-03-02 23:59:59'),
(18, '汇率查询API', 34, 4, '2026-03-02', 95, 93, 2, '2026-03-02 23:59:59', '2026-03-02 23:59:59'),
(19, 'IP地址查询API', 19, 5, '2026-03-02', 318, 313, 5, '2026-03-02 23:59:59', '2026-03-02 23:59:59'),
(19, 'IP地址查询API', 35, 5, '2026-03-02', 195, 191, 4, '2026-03-02 23:59:59', '2026-03-02 23:59:59'),
(20, '图片压缩API', 20, 6, '2026-03-02', 210, 207, 3, '2026-03-02 23:59:59', '2026-03-02 23:59:59');

-- 3月3日（周二）
INSERT INTO `api_invoke_daily` (`api_id`, `api_name`, `caller_id`, `api_owner_id`, `stat_date`, `total_count`, `success_count`, `fail_count`, `create_time`, `update_time`) VALUES
(1, '天气查询API', 11, 3, '2026-03-03', 120, 118, 2, '2026-03-03 23:59:59', '2026-03-03 23:59:59'),
(1, '天气查询API', 21, 3, '2026-03-03', 98, 96, 2, '2026-03-03 23:59:59', '2026-03-03 23:59:59'),
(1, '天气查询API', 36, 3, '2026-03-03', 48, 47, 1, '2026-03-03 23:59:59', '2026-03-03 23:59:59'),
(2, '股票行情API', 13, 3, '2026-03-03', 248, 243, 5, '2026-03-03 23:59:59', '2026-03-03 23:59:59'),
(2, '股票行情API', 22, 3, '2026-03-03', 98, 96, 2, '2026-03-03 23:59:59', '2026-03-03 23:59:59'),
(2, '股票行情API', 37, 3, '2026-03-03', 68, 66, 2, '2026-03-03 23:59:59', '2026-03-03 23:59:59'),
(3, '文本情感分析API', 12, 4, '2026-03-03', 85, 84, 1, '2026-03-03 23:59:59', '2026-03-03 23:59:59'),
(3, '文本情感分析API', 23, 4, '2026-03-03', 55, 54, 1, '2026-03-03 23:59:59', '2026-03-03 23:59:59'),
(3, '文本情感分析API', 38, 4, '2026-03-03', 38, 37, 1, '2026-03-03 23:59:59', '2026-03-03 23:59:59'),
(4, 'OCR文字识别API', 14, 4, '2026-03-03', 75, 74, 1, '2026-03-03 23:59:59', '2026-03-03 23:59:59'),
(4, 'OCR文字识别API', 24, 4, '2026-03-03', 45, 44, 1, '2026-03-03 23:59:59', '2026-03-03 23:59:59'),
(4, 'OCR文字识别API', 39, 4, '2026-03-03', 28, 27, 1, '2026-03-03 23:59:59', '2026-03-03 23:59:59'),
(5, '身份证验证API', 15, 5, '2026-03-03', 142, 140, 2, '2026-03-03 23:59:59', '2026-03-03 23:59:59'),
(5, '身份证验证API', 25, 5, '2026-03-03', 125, 123, 2, '2026-03-03 23:59:59', '2026-03-03 23:59:59'),
(5, '身份证验证API', 40, 5, '2026-03-03', 85, 83, 2, '2026-03-03 23:59:59', '2026-03-03 23:59:59'),
(6, '银行卡验证API', 11, 5, '2026-03-03', 105, 103, 2, '2026-03-03 23:59:59', '2026-03-03 23:59:59'),
(7, '短信验证码API', 12, 6, '2026-03-03', 92, 91, 1, '2026-03-03 23:59:59', '2026-03-03 23:59:59'),
(7, '短信验证码API', 26, 6, '2026-03-03', 58, 57, 1, '2026-03-03 23:59:59', '2026-03-03 23:59:59'),
(9, '支付宝支付API', 13, 7, '2026-03-03', 65, 65, 0, '2026-03-03 23:59:59', '2026-03-03 23:59:59'),
(10, '微信支付API', 13, 7, '2026-03-03', 55, 55, 0, '2026-03-03 23:59:59', '2026-03-03 23:59:59'),
(11, '地理编码API', 14, 8, '2026-03-03', 178, 175, 3, '2026-03-03 23:59:59', '2026-03-03 23:59:59'),
(11, '地理编码API', 29, 8, '2026-03-03', 118, 116, 2, '2026-03-03 23:59:59', '2026-03-03 23:59:59'),
(13, '人脸检测API', 15, 9, '2026-03-03', 75, 74, 1, '2026-03-03 23:59:59', '2026-03-03 23:59:59'),
(13, '人脸检测API', 30, 9, '2026-03-03', 58, 57, 1, '2026-03-03 23:59:59', '2026-03-03 23:59:59'),
(15, '语音转文字API', 16, 10, '2026-03-03', 82, 81, 1, '2026-03-03 23:59:59', '2026-03-03 23:59:59'),
(15, '语音转文字API', 31, 10, '2026-03-03', 65, 64, 1, '2026-03-03 23:59:59', '2026-03-03 23:59:59'),
(16, '文字转语音API', 32, 10, '2026-03-03', 75, 74, 1, '2026-03-03 23:59:59', '2026-03-03 23:59:59'),
(17, '智能客服API', 17, 3, '2026-03-03', 130, 128, 2, '2026-03-03 23:59:59', '2026-03-03 23:59:59'),
(17, '智能客服API', 33, 3, '2026-03-03', 88, 86, 2, '2026-03-03 23:59:59', '2026-03-03 23:59:59'),
(18, '汇率查询API', 18, 4, '2026-03-03', 162, 159, 3, '2026-03-03 23:59:59', '2026-03-03 23:59:59'),
(18, '汇率查询API', 34, 4, '2026-03-03', 100, 98, 2, '2026-03-03 23:59:59', '2026-03-03 23:59:59'),
(19, 'IP地址查询API', 19, 5, '2026-03-03', 328, 323, 5, '2026-03-03 23:59:59', '2026-03-03 23:59:59'),
(19, 'IP地址查询API', 35, 5, '2026-03-03', 202, 198, 4, '2026-03-03 23:59:59', '2026-03-03 23:59:59'),
(20, '图片压缩API', 20, 6, '2026-03-03', 218, 215, 3, '2026-03-03 23:59:59', '2026-03-03 23:59:59');

-- 3月4日（周三）
INSERT INTO `api_invoke_daily` (`api_id`, `api_name`, `caller_id`, `api_owner_id`, `stat_date`, `total_count`, `success_count`, `fail_count`, `create_time`, `update_time`) VALUES
(1, '天气查询API', 11, 3, '2026-03-04', 118, 116, 2, '2026-03-04 23:59:59', '2026-03-04 23:59:59'),
(1, '天气查询API', 21, 3, '2026-03-04', 95, 93, 2, '2026-03-04 23:59:59', '2026-03-04 23:59:59'),
(1, '天气查询API', 36, 3, '2026-03-04', 45, 44, 1, '2026-03-04 23:59:59', '2026-03-04 23:59:59'),
(2, '股票行情API', 13, 3, '2026-03-04', 245, 240, 5, '2026-03-04 23:59:59', '2026-03-04 23:59:59'),
(2, '股票行情API', 22, 3, '2026-03-04', 95, 93, 2, '2026-03-04 23:59:59', '2026-03-04 23:59:59'),
(2, '股票行情API', 37, 3, '2026-03-04', 65, 63, 2, '2026-03-04 23:59:59', '2026-03-04 23:59:59'),
(3, '文本情感分析API', 12, 4, '2026-03-04', 82, 81, 1, '2026-03-04 23:59:59', '2026-03-04 23:59:59'),
(3, '文本情感分析API', 23, 4, '2026-03-04', 52, 51, 1, '2026-03-04 23:59:59', '2026-03-04 23:59:59'),
(3, '文本情感分析API', 38, 4, '2026-03-04', 35, 34, 1, '2026-03-04 23:59:59', '2026-03-04 23:59:59'),
(4, 'OCR文字识别API', 14, 4, '2026-03-04', 72, 71, 1, '2026-03-04 23:59:59', '2026-03-04 23:59:59'),
(4, 'OCR文字识别API', 24, 4, '2026-03-04', 42, 41, 1, '2026-03-04 23:59:59', '2026-03-04 23:59:59'),
(4, 'OCR文字识别API', 39, 4, '2026-03-04', 25, 24, 1, '2026-03-04 23:59:59', '2026-03-04 23:59:59'),
(5, '身份证验证API', 15, 5, '2026-03-04', 138, 136, 2, '2026-03-04 23:59:59', '2026-03-04 23:59:59'),
(5, '身份证验证API', 25, 5, '2026-03-04', 120, 118, 2, '2026-03-04 23:59:59', '2026-03-04 23:59:59'),
(5, '身份证验证API', 40, 5, '2026-03-04', 82, 80, 2, '2026-03-04 23:59:59', '2026-03-04 23:59:59'),
(6, '银行卡验证API', 11, 5, '2026-03-04', 102, 100, 2, '2026-03-04 23:59:59', '2026-03-04 23:59:59'),
(6, '银行卡验证API', 41, 5, '2026-03-04', 68, 66, 2, '2026-03-04 23:59:59', '2026-03-04 23:59:59'),
(7, '短信验证码API', 12, 6, '2026-03-04', 88, 87, 1, '2026-03-04 23:59:59', '2026-03-04 23:59:59'),
(7, '短信验证码API', 26, 6, '2026-03-04', 55, 54, 1, '2026-03-04 23:59:59', '2026-03-04 23:59:59'),
(9, '支付宝支付API', 13, 7, '2026-03-04', 62, 62, 0, '2026-03-04 23:59:59', '2026-03-04 23:59:59'),
(10, '微信支付API', 13, 7, '2026-03-04', 52, 52, 0, '2026-03-04 23:59:59', '2026-03-04 23:59:59'),
(11, '地理编码API', 14, 8, '2026-03-04', 175, 172, 3, '2026-03-04 23:59:59', '2026-03-04 23:59:59'),
(11, '地理编码API', 29, 8, '2026-03-04', 115, 113, 2, '2026-03-04 23:59:59', '2026-03-04 23:59:59'),
(13, '人脸检测API', 15, 9, '2026-03-04', 72, 71, 1, '2026-03-04 23:59:59', '2026-03-04 23:59:59'),
(13, '人脸检测API', 30, 9, '2026-03-04', 55, 54, 1, '2026-03-04 23:59:59', '2026-03-04 23:59:59'),
(15, '语音转文字API', 16, 10, '2026-03-04', 78, 77, 1, '2026-03-04 23:59:59', '2026-03-04 23:59:59'),
(15, '语音转文字API', 31, 10, '2026-03-04', 62, 61, 1, '2026-03-04 23:59:59', '2026-03-04 23:59:59'),
(16, '文字转语音API', 32, 10, '2026-03-04', 72, 71, 1, '2026-03-04 23:59:59', '2026-03-04 23:59:59'),
(17, '智能客服API', 17, 3, '2026-03-04', 125, 123, 2, '2026-03-04 23:59:59', '2026-03-04 23:59:59'),
(17, '智能客服API', 33, 3, '2026-03-04', 85, 83, 2, '2026-03-04 23:59:59', '2026-03-04 23:59:59'),
(18, '汇率查询API', 18, 4, '2026-03-04', 158, 155, 3, '2026-03-04 23:59:59', '2026-03-04 23:59:59'),
(18, '汇率查询API', 34, 4, '2026-03-04', 95, 93, 2, '2026-03-04 23:59:59', '2026-03-04 23:59:59'),
(19, 'IP地址查询API', 19, 5, '2026-03-04', 322, 317, 5, '2026-03-04 23:59:59', '2026-03-04 23:59:59'),
(19, 'IP地址查询API', 35, 5, '2026-03-04', 198, 194, 4, '2026-03-04 23:59:59', '2026-03-04 23:59:59'),
(20, '图片压缩API', 20, 6, '2026-03-04', 212, 209, 3, '2026-03-04 23:59:59', '2026-03-04 23:59:59');

-- 3月5日（周四）
INSERT INTO `api_invoke_daily` (`api_id`, `api_name`, `caller_id`, `api_owner_id`, `stat_date`, `total_count`, `success_count`, `fail_count`, `create_time`, `update_time`) VALUES
(1, '天气查询API', 11, 3, '2026-03-05', 125, 123, 2, '2026-03-05 23:59:59', '2026-03-05 23:59:59'),
(1, '天气查询API', 21, 3, '2026-03-05', 102, 100, 2, '2026-03-05 23:59:59', '2026-03-05 23:59:59'),
(1, '天气查询API', 36, 3, '2026-03-05', 52, 51, 1, '2026-03-05 23:59:59', '2026-03-05 23:59:59'),
(2, '股票行情API', 13, 3, '2026-03-05', 255, 250, 5, '2026-03-05 23:59:59', '2026-03-05 23:59:59'),
(2, '股票行情API', 22, 3, '2026-03-05', 102, 100, 2, '2026-03-05 23:59:59', '2026-03-05 23:59:59'),
(2, '股票行情API', 37, 3, '2026-03-05', 72, 70, 2, '2026-03-05 23:59:59', '2026-03-05 23:59:59'),
(3, '文本情感分析API', 12, 4, '2026-03-05', 88, 87, 1, '2026-03-05 23:59:59', '2026-03-05 23:59:59'),
(3, '文本情感分析API', 23, 4, '2026-03-05', 58, 57, 1, '2026-03-05 23:59:59', '2026-03-05 23:59:59'),
(3, '文本情感分析API', 38, 4, '2026-03-05', 40, 39, 1, '2026-03-05 23:59:59', '2026-03-05 23:59:59'),
(4, 'OCR文字识别API', 14, 4, '2026-03-05', 78, 77, 1, '2026-03-05 23:59:59', '2026-03-05 23:59:59'),
(4, 'OCR文字识别API', 24, 4, '2026-03-05', 48, 47, 1, '2026-03-05 23:59:59', '2026-03-05 23:59:59'),
(4, 'OCR文字识别API', 39, 4, '2026-03-05', 30, 29, 1, '2026-03-05 23:59:59', '2026-03-05 23:59:59'),
(5, '身份证验证API', 15, 5, '2026-03-05', 145, 143, 2, '2026-03-05 23:59:59', '2026-03-05 23:59:59'),
(5, '身份证验证API', 25, 5, '2026-03-05', 128, 126, 2, '2026-03-05 23:59:59', '2026-03-05 23:59:59'),
(5, '身份证验证API', 40, 5, '2026-03-05', 88, 86, 2, '2026-03-05 23:59:59', '2026-03-05 23:59:59'),
(6, '银行卡验证API', 11, 5, '2026-03-05', 108, 106, 2, '2026-03-05 23:59:59', '2026-03-05 23:59:59'),
(6, '银行卡验证API', 41, 5, '2026-03-05', 72, 70, 2, '2026-03-05 23:59:59', '2026-03-05 23:59:59'),
(7, '短信验证码API', 12, 6, '2026-03-05', 95, 94, 1, '2026-03-05 23:59:59', '2026-03-05 23:59:59'),
(7, '短信验证码API', 26, 6, '2026-03-05', 62, 61, 1, '2026-03-05 23:59:59', '2026-03-05 23:59:59'),
(7, '短信验证码API', 42, 6, '2026-03-05', 35, 34, 1, '2026-03-05 23:59:59', '2026-03-05 23:59:59'),
(9, '支付宝支付API', 13, 7, '2026-03-05', 68, 68, 0, '2026-03-05 23:59:59', '2026-03-05 23:59:59'),
(10, '微信支付API', 13, 7, '2026-03-05', 58, 58, 0, '2026-03-05 23:59:59', '2026-03-05 23:59:59'),
(11, '地理编码API', 14, 8, '2026-03-05', 185, 182, 3, '2026-03-05 23:59:59', '2026-03-05 23:59:59'),
(11, '地理编码API', 29, 8, '2026-03-05', 122, 120, 2, '2026-03-05 23:59:59', '2026-03-05 23:59:59'),
(13, '人脸检测API', 15, 9, '2026-03-05', 78, 77, 1, '2026-03-05 23:59:59', '2026-03-05 23:59:59'),
(13, '人脸检测API', 30, 9, '2026-03-05', 62, 61, 1, '2026-03-05 23:59:59', '2026-03-05 23:59:59'),
(15, '语音转文字API', 16, 10, '2026-03-05', 85, 84, 1, '2026-03-05 23:59:59', '2026-03-05 23:59:59'),
(15, '语音转文字API', 31, 10, '2026-03-05', 68, 67, 1, '2026-03-05 23:59:59', '2026-03-05 23:59:59'),
(16, '文字转语音API', 32, 10, '2026-03-05', 78, 77, 1, '2026-03-05 23:59:59', '2026-03-05 23:59:59'),
(17, '智能客服API', 17, 3, '2026-03-05', 135, 133, 2, '2026-03-05 23:59:59', '2026-03-05 23:59:59'),
(17, '智能客服API', 33, 3, '2026-03-05', 92, 90, 2, '2026-03-05 23:59:59', '2026-03-05 23:59:59'),
(18, '汇率查询API', 18, 4, '2026-03-05', 168, 165, 3, '2026-03-05 23:59:59', '2026-03-05 23:59:59'),
(18, '汇率查询API', 34, 4, '2026-03-05', 105, 103, 2, '2026-03-05 23:59:59', '2026-03-05 23:59:59'),
(19, 'IP地址查询API', 19, 5, '2026-03-05', 338, 333, 5, '2026-03-05 23:59:59', '2026-03-05 23:59:59'),
(19, 'IP地址查询API', 35, 5, '2026-03-05', 208, 204, 4, '2026-03-05 23:59:59', '2026-03-05 23:59:59'),
(20, '图片压缩API', 20, 6, '2026-03-05', 225, 222, 3, '2026-03-05 23:59:59', '2026-03-05 23:59:59');

-- 3月6日（周五）
INSERT INTO `api_invoke_daily` (`api_id`, `api_name`, `caller_id`, `api_owner_id`, `stat_date`, `total_count`, `success_count`, `fail_count`, `create_time`, `update_time`) VALUES
(1, '天气查询API', 11, 3, '2026-03-06', 130, 128, 2, '2026-03-06 23:59:59', '2026-03-06 23:59:59'),
(1, '天气查询API', 21, 3, '2026-03-06', 108, 106, 2, '2026-03-06 23:59:59', '2026-03-06 23:59:59'),
(1, '天气查询API', 36, 3, '2026-03-06', 55, 54, 1, '2026-03-06 23:59:59', '2026-03-06 23:59:59'),
(2, '股票行情API', 13, 3, '2026-03-06', 262, 257, 5, '2026-03-06 23:59:59', '2026-03-06 23:59:59'),
(2, '股票行情API', 22, 3, '2026-03-06', 105, 103, 2, '2026-03-06 23:59:59', '2026-03-06 23:59:59'),
(2, '股票行情API', 37, 3, '2026-03-06', 78, 76, 2, '2026-03-06 23:59:59', '2026-03-06 23:59:59'),
(3, '文本情感分析API', 12, 4, '2026-03-06', 92, 91, 1, '2026-03-06 23:59:59', '2026-03-06 23:59:59'),
(3, '文本情感分析API', 23, 4, '2026-03-06', 62, 61, 1, '2026-03-06 23:59:59', '2026-03-06 23:59:59'),
(3, '文本情感分析API', 38, 4, '2026-03-06', 42, 41, 1, '2026-03-06 23:59:59', '2026-03-06 23:59:59'),
(4, 'OCR文字识别API', 14, 4, '2026-03-06', 82, 81, 1, '2026-03-06 23:59:59', '2026-03-06 23:59:59'),
(4, 'OCR文字识别API', 24, 4, '2026-03-06', 52, 51, 1, '2026-03-06 23:59:59', '2026-03-06 23:59:59'),
(4, 'OCR文字识别API', 39, 4, '2026-03-06', 32, 31, 1, '2026-03-06 23:59:59', '2026-03-06 23:59:59'),
(5, '身份证验证API', 15, 5, '2026-03-06', 150, 148, 2, '2026-03-06 23:59:59', '2026-03-06 23:59:59'),
(5, '身份证验证API', 25, 5, '2026-03-06', 132, 130, 2, '2026-03-06 23:59:59', '2026-03-06 23:59:59'),
(5, '身份证验证API', 40, 5, '2026-03-06', 92, 90, 2, '2026-03-06 23:59:59', '2026-03-06 23:59:59'),
(6, '银行卡验证API', 11, 5, '2026-03-06', 112, 110, 2, '2026-03-06 23:59:59', '2026-03-06 23:59:59'),
(6, '银行卡验证API', 41, 5, '2026-03-06', 75, 73, 2, '2026-03-06 23:59:59', '2026-03-06 23:59:59'),
(7, '短信验证码API', 12, 6, '2026-03-06', 98, 97, 1, '2026-03-06 23:59:59', '2026-03-06 23:59:59'),
(7, '短信验证码API', 26, 6, '2026-03-06', 65, 64, 1, '2026-03-06 23:59:59', '2026-03-06 23:59:59'),
(7, '短信验证码API', 42, 6, '2026-03-06', 38, 37, 1, '2026-03-06 23:59:59', '2026-03-06 23:59:59'),
(9, '支付宝支付API', 13, 7, '2026-03-06', 72, 72, 0, '2026-03-06 23:59:59', '2026-03-06 23:59:59'),
(9, '支付宝支付API', 43, 7, '2026-03-06', 25, 25, 0, '2026-03-06 23:59:59', '2026-03-06 23:59:59'),
(10, '微信支付API', 13, 7, '2026-03-06', 62, 62, 0, '2026-03-06 23:59:59', '2026-03-06 23:59:59'),
(11, '地理编码API', 14, 8, '2026-03-06', 192, 189, 3, '2026-03-06 23:59:59', '2026-03-06 23:59:59'),
(11, '地理编码API', 29, 8, '2026-03-06', 128, 126, 2, '2026-03-06 23:59:59', '2026-03-06 23:59:59'),
(13, '人脸检测API', 15, 9, '2026-03-06', 82, 81, 1, '2026-03-06 23:59:59', '2026-03-06 23:59:59'),
(13, '人脸检测API', 30, 9, '2026-03-06', 65, 64, 1, '2026-03-06 23:59:59', '2026-03-06 23:59:59'),
(15, '语音转文字API', 16, 10, '2026-03-06', 88, 87, 1, '2026-03-06 23:59:59', '2026-03-06 23:59:59'),
(15, '语音转文字API', 31, 10, '2026-03-06', 72, 71, 1, '2026-03-06 23:59:59', '2026-03-06 23:59:59'),
(16, '文字转语音API', 32, 10, '2026-03-06', 82, 81, 1, '2026-03-06 23:59:59', '2026-03-06 23:59:59'),
(17, '智能客服API', 17, 3, '2026-03-06', 142, 140, 2, '2026-03-06 23:59:59', '2026-03-06 23:59:59'),
(17, '智能客服API', 33, 3, '2026-03-06', 98, 96, 2, '2026-03-06 23:59:59', '2026-03-06 23:59:59'),
(18, '汇率查询API', 18, 4, '2026-03-06', 175, 172, 3, '2026-03-06 23:59:59', '2026-03-06 23:59:59'),
(18, '汇率查询API', 34, 4, '2026-03-06', 110, 108, 2, '2026-03-06 23:59:59', '2026-03-06 23:59:59'),
(19, 'IP地址查询API', 19, 5, '2026-03-06', 348, 343, 5, '2026-03-06 23:59:59', '2026-03-06 23:59:59'),
(19, 'IP地址查询API', 35, 5, '2026-03-06', 215, 211, 4, '2026-03-06 23:59:59', '2026-03-06 23:59:59'),
(20, '图片压缩API', 20, 6, '2026-03-06', 235, 232, 3, '2026-03-06 23:59:59', '2026-03-06 23:59:59');

-- 3月7日（周六）
INSERT INTO `api_invoke_daily` (`api_id`, `api_name`, `caller_id`, `api_owner_id`, `stat_date`, `total_count`, `success_count`, `fail_count`, `create_time`, `update_time`) VALUES
(1, '天气查询API', 11, 3, '2026-03-07', 48, 47, 1, '2026-03-07 23:59:59', '2026-03-07 23:59:59'),
(1, '天气查询API', 21, 3, '2026-03-07', 35, 34, 1, '2026-03-07 23:59:59', '2026-03-07 23:59:59'),
(1, '天气查询API', 36, 3, '2026-03-07', 22, 21, 1, '2026-03-07 23:59:59', '2026-03-07 23:59:59'),
(2, '股票行情API', 13, 3, '2026-03-07', 72, 70, 2, '2026-03-07 23:59:59', '2026-03-07 23:59:59'),
(2, '股票行情API', 22, 3, '2026-03-07', 45, 44, 1, '2026-03-07 23:59:59', '2026-03-07 23:59:59'),
(3, '文本情感分析API', 12, 4, '2026-03-07', 25, 25, 0, '2026-03-07 23:59:59', '2026-03-07 23:59:59'),
(11, '地理编码API', 14, 8, '2026-03-07', 62, 61, 1, '2026-03-07 23:59:59', '2026-03-07 23:59:59'),
(11, '地理编码API', 29, 8, '2026-03-07', 45, 44, 1, '2026-03-07 23:59:59', '2026-03-07 23:59:59'),
(17, '智能客服API', 17, 3, '2026-03-07', 45, 44, 1, '2026-03-07 23:59:59', '2026-03-07 23:59:59'),
(19, 'IP地址查询API', 19, 5, '2026-03-07', 115, 113, 2, '2026-03-07 23:59:59', '2026-03-07 23:59:59'),
(19, 'IP地址查询API', 35, 5, '2026-03-07', 72, 70, 2, '2026-03-07 23:59:59', '2026-03-07 23:59:59'),
(20, '图片压缩API', 20, 6, '2026-03-07', 72, 71, 1, '2026-03-07 23:59:59', '2026-03-07 23:59:59');

-- 3月8日（周日）
INSERT INTO `api_invoke_daily` (`api_id`, `api_name`, `caller_id`, `api_owner_id`, `stat_date`, `total_count`, `success_count`, `fail_count`, `create_time`, `update_time`) VALUES
(1, '天气查询API', 11, 3, '2026-03-08', 42, 41, 1, '2026-03-08 23:59:59', '2026-03-08 23:59:59'),
(1, '天气查询API', 21, 3, '2026-03-08', 28, 27, 1, '2026-03-08 23:59:59', '2026-03-08 23:59:59'),
(1, '天气查询API', 36, 3, '2026-03-08', 18, 17, 1, '2026-03-08 23:59:59', '2026-03-08 23:59:59'),
(2, '股票行情API', 22, 3, '2026-03-08', 38, 37, 1, '2026-03-08 23:59:59', '2026-03-08 23:59:59'),
(3, '文本情感分析API', 12, 4, '2026-03-08', 18, 18, 0, '2026-03-08 23:59:59', '2026-03-08 23:59:59'),
(11, '地理编码API', 29, 8, '2026-03-08', 38, 37, 1, '2026-03-08 23:59:59', '2026-03-08 23:59:59'),
(13, '人脸检测API', 30, 9, '2026-03-08', 22, 21, 1, '2026-03-08 23:59:59', '2026-03-08 23:59:59'),
(17, '智能客服API', 17, 3, '2026-03-08', 35, 34, 1, '2026-03-08 23:59:59', '2026-03-08 23:59:59'),
(19, 'IP地址查询API', 19, 5, '2026-03-08', 92, 90, 2, '2026-03-08 23:59:59', '2026-03-08 23:59:59');

-- 3月9日（周一）
INSERT INTO `api_invoke_daily` (`api_id`, `api_name`, `caller_id`, `api_owner_id`, `stat_date`, `total_count`, `success_count`, `fail_count`, `create_time`, `update_time`) VALUES
(1, '天气查询API', 11, 3, '2026-03-09', 135, 133, 2, '2026-03-09 23:59:59', '2026-03-09 23:59:59'),
(1, '天气查询API', 21, 3, '2026-03-09', 112, 110, 2, '2026-03-09 23:59:59', '2026-03-09 23:59:59'),
(1, '天气查询API', 36, 3, '2026-03-09', 58, 57, 1, '2026-03-09 23:59:59', '2026-03-09 23:59:59'),
(2, '股票行情API', 13, 3, '2026-03-09', 268, 263, 5, '2026-03-09 23:59:59', '2026-03-09 23:59:59'),
(2, '股票行情API', 22, 3, '2026-03-09', 108, 106, 2, '2026-03-09 23:59:59', '2026-03-09 23:59:59'),
(2, '股票行情API', 37, 3, '2026-03-09', 82, 80, 2, '2026-03-09 23:59:59', '2026-03-09 23:59:59'),
(3, '文本情感分析API', 12, 4, '2026-03-09', 95, 94, 1, '2026-03-09 23:59:59', '2026-03-09 23:59:59'),
(3, '文本情感分析API', 23, 4, '2026-03-09', 65, 64, 1, '2026-03-09 23:59:59', '2026-03-09 23:59:59'),
(3, '文本情感分析API', 38, 4, '2026-03-09', 45, 44, 1, '2026-03-09 23:59:59', '2026-03-09 23:59:59'),
(4, 'OCR文字识别API', 14, 4, '2026-03-09', 85, 84, 1, '2026-03-09 23:59:59', '2026-03-09 23:59:59'),
(4, 'OCR文字识别API', 24, 4, '2026-03-09', 55, 54, 1, '2026-03-09 23:59:59', '2026-03-09 23:59:59'),
(4, 'OCR文字识别API', 39, 4, '2026-03-09', 35, 34, 1, '2026-03-09 23:59:59', '2026-03-09 23:59:59'),
(5, '身份证验证API', 15, 5, '2026-03-09', 155, 153, 2, '2026-03-09 23:59:59', '2026-03-09 23:59:59'),
(5, '身份证验证API', 25, 5, '2026-03-09', 138, 136, 2, '2026-03-09 23:59:59', '2026-03-09 23:59:59'),
(5, '身份证验证API', 40, 5, '2026-03-09', 95, 93, 2, '2026-03-09 23:59:59', '2026-03-09 23:59:59'),
(6, '银行卡验证API', 11, 5, '2026-03-09', 115, 113, 2, '2026-03-09 23:59:59', '2026-03-09 23:59:59'),
(6, '银行卡验证API', 41, 5, '2026-03-09', 78, 76, 2, '2026-03-09 23:59:59', '2026-03-09 23:59:59'),
(7, '短信验证码API', 12, 6, '2026-03-09', 102, 101, 1, '2026-03-09 23:59:59', '2026-03-09 23:59:59'),
(7, '短信验证码API', 26, 6, '2026-03-09', 68, 67, 1, '2026-03-09 23:59:59', '2026-03-09 23:59:59'),
(7, '短信验证码API', 42, 6, '2026-03-09', 42, 41, 1, '2026-03-09 23:59:59', '2026-03-09 23:59:59'),
(9, '支付宝支付API', 13, 7, '2026-03-09', 75, 75, 0, '2026-03-09 23:59:59', '2026-03-09 23:59:59'),
(9, '支付宝支付API', 43, 7, '2026-03-09', 28, 28, 0, '2026-03-09 23:59:59', '2026-03-09 23:59:59'),
(10, '微信支付API', 13, 7, '2026-03-09', 65, 65, 0, '2026-03-09 23:59:59', '2026-03-09 23:59:59'),
(10, '微信支付API', 44, 7, '2026-03-09', 22, 22, 0, '2026-03-09 23:59:59', '2026-03-09 23:59:59'),
(11, '地理编码API', 14, 8, '2026-03-09', 198, 195, 3, '2026-03-09 23:59:59', '2026-03-09 23:59:59'),
(11, '地理编码API', 29, 8, '2026-03-09', 132, 130, 2, '2026-03-09 23:59:59', '2026-03-09 23:59:59'),
(11, '地理编码API', 45, 8, '2026-03-09', 85, 83, 2, '2026-03-09 23:59:59', '2026-03-09 23:59:59'),
(13, '人脸检测API', 15, 9, '2026-03-09', 85, 84, 1, '2026-03-09 23:59:59', '2026-03-09 23:59:59'),
(13, '人脸检测API', 30, 9, '2026-03-09', 68, 67, 1, '2026-03-09 23:59:59', '2026-03-09 23:59:59'),
(13, '人脸检测API', 46, 9, '2026-03-09', 42, 41, 1, '2026-03-09 23:59:59', '2026-03-09 23:59:59'),
(15, '语音转文字API', 16, 10, '2026-03-09', 92, 91, 1, '2026-03-09 23:59:59', '2026-03-09 23:59:59'),
(15, '语音转文字API', 31, 10, '2026-03-09', 75, 74, 1, '2026-03-09 23:59:59', '2026-03-09 23:59:59'),
(15, '语音转文字API', 47, 10, '2026-03-09', 48, 47, 1, '2026-03-09 23:59:59', '2026-03-09 23:59:59'),
(16, '文字转语音API', 32, 10, '2026-03-09', 85, 84, 1, '2026-03-09 23:59:59', '2026-03-09 23:59:59'),
(17, '智能客服API', 17, 3, '2026-03-09', 148, 146, 2, '2026-03-09 23:59:59', '2026-03-09 23:59:59'),
(17, '智能客服API', 33, 3, '2026-03-09', 102, 100, 2, '2026-03-09 23:59:59', '2026-03-09 23:59:59'),
(17, '智能客服API', 48, 3, '2026-03-09', 68, 66, 2, '2026-03-09 23:59:59', '2026-03-09 23:59:59'),
(18, '汇率查询API', 18, 4, '2026-03-09', 182, 179, 3, '2026-03-09 23:59:59', '2026-03-09 23:59:59'),
(18, '汇率查询API', 34, 4, '2026-03-09', 115, 113, 2, '2026-03-09 23:59:59', '2026-03-09 23:59:59'),
(18, '汇率查询API', 49, 4, '2026-03-09', 72, 70, 2, '2026-03-09 23:59:59', '2026-03-09 23:59:59'),
(19, 'IP地址查询API', 19, 5, '2026-03-09', 358, 353, 5, '2026-03-09 23:59:59', '2026-03-09 23:59:59'),
(19, 'IP地址查询API', 35, 5, '2026-03-09', 222, 218, 4, '2026-03-09 23:59:59', '2026-03-09 23:59:59'),
(19, 'IP地址查询API', 50, 5, '2026-03-09', 145, 142, 3, '2026-03-09 23:59:59', '2026-03-09 23:59:59'),
(20, '图片压缩API', 20, 6, '2026-03-09', 245, 242, 3, '2026-03-09 23:59:59', '2026-03-09 23:59:59');

-- 3月10日（周二）
INSERT INTO `api_invoke_daily` (`api_id`, `api_name`, `caller_id`, `api_owner_id`, `stat_date`, `total_count`, `success_count`, `fail_count`, `create_time`, `update_time`) VALUES
(1, '天气查询API', 11, 3, '2026-03-10', 140, 138, 2, '2026-03-10 23:59:59', '2026-03-10 23:59:59'),
(1, '天气查询API', 21, 3, '2026-03-10', 118, 116, 2, '2026-03-10 23:59:59', '2026-03-10 23:59:59'),
(1, '天气查询API', 36, 3, '2026-03-10', 62, 61, 1, '2026-03-10 23:59:59', '2026-03-10 23:59:59'),
(1, '天气查询API', 1, 3, '2026-03-10', 85, 83, 2, '2026-03-10 23:59:59', '2026-03-10 23:59:59'),
(2, '股票行情API', 13, 3, '2026-03-10', 275, 270, 5, '2026-03-10 23:59:59', '2026-03-10 23:59:59'),
(2, '股票行情API', 22, 3, '2026-03-10', 112, 110, 2, '2026-03-10 23:59:59', '2026-03-10 23:59:59'),
(2, '股票行情API', 37, 3, '2026-03-10', 88, 86, 2, '2026-03-10 23:59:59', '2026-03-10 23:59:59'),
(3, '文本情感分析API', 12, 4, '2026-03-10', 98, 97, 1, '2026-03-10 23:59:59', '2026-03-10 23:59:59'),
(3, '文本情感分析API', 23, 4, '2026-03-10', 68, 67, 1, '2026-03-10 23:59:59', '2026-03-10 23:59:59'),
(3, '文本情感分析API', 38, 4, '2026-03-10', 48, 47, 1, '2026-03-10 23:59:59', '2026-03-10 23:59:59'),
(3, '文本情感分析API', 2, 4, '2026-03-10', 55, 54, 1, '2026-03-10 23:59:59', '2026-03-10 23:59:59'),
(4, 'OCR文字识别API', 14, 4, '2026-03-10', 88, 87, 1, '2026-03-10 23:59:59', '2026-03-10 23:59:59'),
(4, 'OCR文字识别API', 24, 4, '2026-03-10', 58, 57, 1, '2026-03-10 23:59:59', '2026-03-10 23:59:59'),
(5, '身份证验证API', 15, 5, '2026-03-10', 160, 158, 2, '2026-03-10 23:59:59', '2026-03-10 23:59:59'),
(5, '身份证验证API', 25, 5, '2026-03-10', 142, 140, 2, '2026-03-10 23:59:59', '2026-03-10 23:59:59'),
(6, '银行卡验证API', 11, 5, '2026-03-10', 118, 116, 2, '2026-03-10 23:59:59', '2026-03-10 23:59:59'),
(6, '银行卡验证API', 41, 5, '2026-03-10', 82, 80, 2, '2026-03-10 23:59:59', '2026-03-10 23:59:59'),
(7, '短信验证码API', 12, 6, '2026-03-10', 105, 104, 1, '2026-03-10 23:59:59', '2026-03-10 23:59:59'),
(7, '短信验证码API', 26, 6, '2026-03-10', 72, 71, 1, '2026-03-10 23:59:59', '2026-03-10 23:59:59'),
(9, '支付宝支付API', 13, 7, '2026-03-10', 78, 78, 0, '2026-03-10 23:59:59', '2026-03-10 23:59:59'),
(10, '微信支付API', 13, 7, '2026-03-10', 68, 68, 0, '2026-03-10 23:59:59', '2026-03-10 23:59:59'),
(11, '地理编码API', 14, 8, '2026-03-10', 205, 202, 3, '2026-03-10 23:59:59', '2026-03-10 23:59:59'),
(11, '地理编码API', 29, 8, '2026-03-10', 138, 136, 2, '2026-03-10 23:59:59', '2026-03-10 23:59:59'),
(11, '地理编码API', 45, 8, '2026-03-10', 92, 90, 2, '2026-03-10 23:59:59', '2026-03-10 23:59:59'),
(13, '人脸检测API', 15, 9, '2026-03-10', 88, 87, 1, '2026-03-10 23:59:59', '2026-03-10 23:59:59'),
(13, '人脸检测API', 30, 9, '2026-03-10', 72, 71, 1, '2026-03-10 23:59:59', '2026-03-10 23:59:59'),
(13, '人脸检测API', 46, 9, '2026-03-10', 48, 47, 1, '2026-03-10 23:59:59', '2026-03-10 23:59:59'),
(15, '语音转文字API', 16, 10, '2026-03-10', 98, 97, 1, '2026-03-10 23:59:59', '2026-03-10 23:59:59'),
(15, '语音转文字API', 31, 10, '2026-03-10', 78, 77, 1, '2026-03-10 23:59:59', '2026-03-10 23:59:59'),
(15, '语音转文字API', 47, 10, '2026-03-10', 52, 51, 1, '2026-03-10 23:59:59', '2026-03-10 23:59:59'),
(16, '文字转语音API', 32, 10, '2026-03-10', 88, 87, 1, '2026-03-10 23:59:59', '2026-03-10 23:59:59'),
(17, '智能客服API', 17, 3, '2026-03-10', 155, 153, 2, '2026-03-10 23:59:59', '2026-03-10 23:59:59'),
(17, '智能客服API', 33, 3, '2026-03-10', 108, 106, 2, '2026-03-10 23:59:59', '2026-03-10 23:59:59'),
(17, '智能客服API', 48, 3, '2026-03-10', 72, 70, 2, '2026-03-10 23:59:59', '2026-03-10 23:59:59'),
(18, '汇率查询API', 18, 4, '2026-03-10', 188, 185, 3, '2026-03-10 23:59:59', '2026-03-10 23:59:59'),
(18, '汇率查询API', 34, 4, '2026-03-10', 120, 118, 2, '2026-03-10 23:59:59', '2026-03-10 23:59:59'),
(19, 'IP地址查询API', 19, 5, '2026-03-10', 368, 363, 5, '2026-03-10 23:59:59', '2026-03-10 23:59:59'),
(19, 'IP地址查询API', 35, 5, '2026-03-10', 228, 224, 4, '2026-03-10 23:59:59', '2026-03-10 23:59:59'),
(19, 'IP地址查询API', 50, 5, '2026-03-10', 152, 149, 3, '2026-03-10 23:59:59', '2026-03-10 23:59:59'),
(20, '图片压缩API', 20, 6, '2026-03-10', 255, 252, 3, '2026-03-10 23:59:59', '2026-03-10 23:59:59');

-- 3月11日（周三）
INSERT INTO `api_invoke_daily` (`api_id`, `api_name`, `caller_id`, `api_owner_id`, `stat_date`, `total_count`, `success_count`, `fail_count`, `create_time`, `update_time`) VALUES
(1, '天气查询API', 11, 3, '2026-03-11', 138, 136, 2, '2026-03-11 23:59:59', '2026-03-11 23:59:59'),
(1, '天气查询API', 21, 3, '2026-03-11', 115, 113, 2, '2026-03-11 23:59:59', '2026-03-11 23:59:59'),
(1, '天气查询API', 36, 3, '2026-03-11', 58, 57, 1, '2026-03-11 23:59:59', '2026-03-11 23:59:59'),
(1, '天气查询API', 1, 3, '2026-03-11', 82, 80, 2, '2026-03-11 23:59:59', '2026-03-11 23:59:59'),
(2, '股票行情API', 13, 3, '2026-03-11', 272, 267, 5, '2026-03-11 23:59:59', '2026-03-11 23:59:59'),
(2, '股票行情API', 22, 3, '2026-03-11', 108, 106, 2, '2026-03-11 23:59:59', '2026-03-11 23:59:59'),
(2, '股票行情API', 37, 3, '2026-03-11', 85, 83, 2, '2026-03-11 23:59:59', '2026-03-11 23:59:59'),
(3, '文本情感分析API', 12, 4, '2026-03-11', 95, 94, 1, '2026-03-11 23:59:59', '2026-03-11 23:59:59'),
(3, '文本情感分析API', 23, 4, '2026-03-11', 65, 64, 1, '2026-03-11 23:59:59', '2026-03-11 23:59:59'),
(3, '文本情感分析API', 2, 4, '2026-03-11', 52, 51, 1, '2026-03-11 23:59:59', '2026-03-11 23:59:59'),
(4, 'OCR文字识别API', 14, 4, '2026-03-11', 85, 84, 1, '2026-03-11 23:59:59', '2026-03-11 23:59:59'),
(4, 'OCR文字识别API', 24, 4, '2026-03-11', 55, 54, 1, '2026-03-11 23:59:59', '2026-03-11 23:59:59'),
(5, '身份证验证API', 15, 5, '2026-03-11', 155, 153, 2, '2026-03-11 23:59:59', '2026-03-11 23:59:59'),
(5, '身份证验证API', 25, 5, '2026-03-11', 138, 136, 2, '2026-03-11 23:59:59', '2026-03-11 23:59:59'),
(6, '银行卡验证API', 11, 5, '2026-03-11', 115, 113, 2, '2026-03-11 23:59:59', '2026-03-11 23:59:59'),
(6, '银行卡验证API', 41, 5, '2026-03-11', 78, 76, 2, '2026-03-11 23:59:59', '2026-03-11 23:59:59'),
(7, '短信验证码API', 12, 6, '2026-03-11', 102, 101, 1, '2026-03-11 23:59:59', '2026-03-11 23:59:59'),
(7, '短信验证码API', 26, 6, '2026-03-11', 68, 67, 1, '2026-03-11 23:59:59', '2026-03-11 23:59:59'),
(9, '支付宝支付API', 13, 7, '2026-03-11', 75, 75, 0, '2026-03-11 23:59:59', '2026-03-11 23:59:59'),
(10, '微信支付API', 13, 7, '2026-03-11', 65, 65, 0, '2026-03-11 23:59:59', '2026-03-11 23:59:59'),
(11, '地理编码API', 14, 8, '2026-03-11', 198, 195, 3, '2026-03-11 23:59:59', '2026-03-11 23:59:59'),
(11, '地理编码API', 29, 8, '2026-03-11', 132, 130, 2, '2026-03-11 23:59:59', '2026-03-11 23:59:59'),
(13, '人脸检测API', 15, 9, '2026-03-11', 85, 84, 1, '2026-03-11 23:59:59', '2026-03-11 23:59:59'),
(13, '人脸检测API', 30, 9, '2026-03-11', 68, 67, 1, '2026-03-11 23:59:59', '2026-03-11 23:59:59'),
(15, '语音转文字API', 16, 10, '2026-03-11', 95, 94, 1, '2026-03-11 23:59:59', '2026-03-11 23:59:59'),
(15, '语音转文字API', 31, 10, '2026-03-11', 75, 74, 1, '2026-03-11 23:59:59', '2026-03-11 23:59:59'),
(15, '语音转文字API', 47, 10, '2026-03-11', 48, 47, 1, '2026-03-11 23:59:59', '2026-03-11 23:59:59'),
(16, '文字转语音API', 32, 10, '2026-03-11', 85, 84, 1, '2026-03-11 23:59:59', '2026-03-11 23:59:59'),
(17, '智能客服API', 17, 3, '2026-03-11', 150, 148, 2, '2026-03-11 23:59:59', '2026-03-11 23:59:59'),
(17, '智能客服API', 33, 3, '2026-03-11', 105, 103, 2, '2026-03-11 23:59:59', '2026-03-11 23:59:59'),
(18, '汇率查询API', 18, 4, '2026-03-11', 182, 179, 3, '2026-03-11 23:59:59', '2026-03-11 23:59:59'),
(18, '汇率查询API', 34, 4, '2026-03-11', 115, 113, 2, '2026-03-11 23:59:59', '2026-03-11 23:59:59'),
(19, 'IP地址查询API', 19, 5, '2026-03-11', 358, 353, 5, '2026-03-11 23:59:59', '2026-03-11 23:59:59'),
(19, 'IP地址查询API', 35, 5, '2026-03-11', 222, 218, 4, '2026-03-11 23:59:59', '2026-03-11 23:59:59'),
(20, '图片压缩API', 20, 6, '2026-03-11', 248, 245, 3, '2026-03-11 23:59:59', '2026-03-11 23:59:59');

-- 3月12日（周四）
INSERT INTO `api_invoke_daily` (`api_id`, `api_name`, `caller_id`, `api_owner_id`, `stat_date`, `total_count`, `success_count`, `fail_count`, `create_time`, `update_time`) VALUES
(1, '天气查询API', 11, 3, '2026-03-12', 145, 143, 2, '2026-03-12 23:59:59', '2026-03-12 23:59:59'),
(1, '天气查询API', 21, 3, '2026-03-12', 122, 120, 2, '2026-03-12 23:59:59', '2026-03-12 23:59:59'),
(1, '天气查询API', 36, 3, '2026-03-12', 65, 64, 1, '2026-03-12 23:59:59', '2026-03-12 23:59:59'),
(1, '天气查询API', 1, 3, '2026-03-12', 88, 86, 2, '2026-03-12 23:59:59', '2026-03-12 23:59:59'),
(2, '股票行情API', 13, 3, '2026-03-12', 282, 277, 5, '2026-03-12 23:59:59', '2026-03-12 23:59:59'),
(2, '股票行情API', 22, 3, '2026-03-12', 115, 113, 2, '2026-03-12 23:59:59', '2026-03-12 23:59:59'),
(2, '股票行情API', 37, 3, '2026-03-12', 92, 90, 2, '2026-03-12 23:59:59', '2026-03-12 23:59:59'),
(3, '文本情感分析API', 12, 4, '2026-03-12', 102, 101, 1, '2026-03-12 23:59:59', '2026-03-12 23:59:59'),
(3, '文本情感分析API', 23, 4, '2026-03-12', 72, 71, 1, '2026-03-12 23:59:59', '2026-03-12 23:59:59'),
(3, '文本情感分析API', 2, 4, '2026-03-12', 58, 57, 1, '2026-03-12 23:59:59', '2026-03-12 23:59:59'),
(4, 'OCR文字识别API', 14, 4, '2026-03-12', 92, 91, 1, '2026-03-12 23:59:59', '2026-03-12 23:59:59'),
(4, 'OCR文字识别API', 24, 4, '2026-03-12', 62, 61, 1, '2026-03-12 23:59:59', '2026-03-12 23:59:59'),
(5, '身份证验证API', 15, 5, '2026-03-12', 165, 163, 2, '2026-03-12 23:59:59', '2026-03-12 23:59:59'),
(5, '身份证验证API', 25, 5, '2026-03-12', 148, 146, 2, '2026-03-12 23:59:59', '2026-03-12 23:59:59'),
(6, '银行卡验证API', 11, 5, '2026-03-12', 122, 120, 2, '2026-03-12 23:59:59', '2026-03-12 23:59:59'),
(6, '银行卡验证API', 41, 5, '2026-03-12', 85, 83, 2, '2026-03-12 23:59:59', '2026-03-12 23:59:59'),
(7, '短信验证码API', 12, 6, '2026-03-12', 108, 107, 1, '2026-03-12 23:59:59', '2026-03-12 23:59:59'),
(7, '短信验证码API', 26, 6, '2026-03-12', 75, 74, 1, '2026-03-12 23:59:59', '2026-03-12 23:59:59'),
(9, '支付宝支付API', 13, 7, '2026-03-12', 82, 82, 0, '2026-03-12 23:59:59', '2026-03-12 23:59:59'),
(10, '微信支付API', 13, 7, '2026-03-12', 72, 72, 0, '2026-03-12 23:59:59', '2026-03-12 23:59:59'),
(11, '地理编码API', 14, 8, '2026-03-12', 212, 209, 3, '2026-03-12 23:59:59', '2026-03-12 23:59:59'),
(11, '地理编码API', 29, 8, '2026-03-12', 145, 143, 2, '2026-03-12 23:59:59', '2026-03-12 23:59:59'),
(13, '人脸检测API', 15, 9, '2026-03-12', 92, 91, 1, '2026-03-12 23:59:59', '2026-03-12 23:59:59'),
(13, '人脸检测API', 30, 9, '2026-03-12', 75, 74, 1, '2026-03-12 23:59:59', '2026-03-12 23:59:59'),
(15, '语音转文字API', 16, 10, '2026-03-12', 102, 101, 1, '2026-03-12 23:59:59', '2026-03-12 23:59:59'),
(15, '语音转文字API', 31, 10, '2026-03-12', 82, 81, 1, '2026-03-12 23:59:59', '2026-03-12 23:59:59'),
(16, '文字转语音API', 32, 10, '2026-03-12', 92, 91, 1, '2026-03-12 23:59:59', '2026-03-12 23:59:59'),
(17, '智能客服API', 17, 3, '2026-03-12', 162, 160, 2, '2026-03-12 23:59:59', '2026-03-12 23:59:59'),
(17, '智能客服API', 33, 3, '2026-03-12', 112, 110, 2, '2026-03-12 23:59:59', '2026-03-12 23:59:59'),
(17, '智能客服API', 48, 3, '2026-03-12', 78, 76, 2, '2026-03-12 23:59:59', '2026-03-12 23:59:59'),
(18, '汇率查询API', 18, 4, '2026-03-12', 195, 192, 3, '2026-03-12 23:59:59', '2026-03-12 23:59:59'),
(18, '汇率查询API', 34, 4, '2026-03-12', 125, 123, 2, '2026-03-12 23:59:59', '2026-03-12 23:59:59'),
(19, 'IP地址查询API', 19, 5, '2026-03-12', 378, 373, 5, '2026-03-12 23:59:59', '2026-03-12 23:59:59'),
(19, 'IP地址查询API', 35, 5, '2026-03-12', 235, 231, 4, '2026-03-12 23:59:59', '2026-03-12 23:59:59'),
(20, '图片压缩API', 20, 6, '2026-03-12', 265, 262, 3, '2026-03-12 23:59:59', '2026-03-12 23:59:59');

-- 3月13日（周五）
INSERT INTO `api_invoke_daily` (`api_id`, `api_name`, `caller_id`, `api_owner_id`, `stat_date`, `total_count`, `success_count`, `fail_count`, `create_time`, `update_time`) VALUES
(1, '天气查询API', 11, 3, '2026-03-13', 150, 148, 2, '2026-03-13 23:59:59', '2026-03-13 23:59:59'),
(1, '天气查询API', 21, 3, '2026-03-13', 128, 126, 2, '2026-03-13 23:59:59', '2026-03-13 23:59:59'),
(1, '天气查询API', 36, 3, '2026-03-13', 68, 67, 1, '2026-03-13 23:59:59', '2026-03-13 23:59:59'),
(1, '天气查询API', 1, 3, '2026-03-13', 92, 90, 2, '2026-03-13 23:59:59', '2026-03-13 23:59:59'),
(2, '股票行情API', 13, 3, '2026-03-13', 290, 285, 5, '2026-03-13 23:59:59', '2026-03-13 23:59:59'),
(2, '股票行情API', 22, 3, '2026-03-13', 118, 116, 2, '2026-03-13 23:59:59', '2026-03-13 23:59:59'),
(2, '股票行情API', 37, 3, '2026-03-13', 98, 96, 2, '2026-03-13 23:59:59', '2026-03-13 23:59:59'),
(3, '文本情感分析API', 12, 4, '2026-03-13', 108, 107, 1, '2026-03-13 23:59:59', '2026-03-13 23:59:59'),
(3, '文本情感分析API', 23, 4, '2026-03-13', 78, 77, 1, '2026-03-13 23:59:59', '2026-03-13 23:59:59'),
(3, '文本情感分析API', 2, 4, '2026-03-13', 62, 61, 1, '2026-03-13 23:59:59', '2026-03-13 23:59:59'),
(4, 'OCR文字识别API', 14, 4, '2026-03-13', 98, 97, 1, '2026-03-13 23:59:59', '2026-03-13 23:59:59'),
(4, 'OCR文字识别API', 24, 4, '2026-03-13', 68, 67, 1, '2026-03-13 23:59:59', '2026-03-13 23:59:59'),
(5, '身份证验证API', 15, 5, '2026-03-13', 172, 170, 2, '2026-03-13 23:59:59', '2026-03-13 23:59:59'),
(5, '身份证验证API', 25, 5, '2026-03-13', 155, 153, 2, '2026-03-13 23:59:59', '2026-03-13 23:59:59'),
(6, '银行卡验证API', 11, 5, '2026-03-13', 128, 126, 2, '2026-03-13 23:59:59', '2026-03-13 23:59:59'),
(6, '银行卡验证API', 41, 5, '2026-03-13', 88, 86, 2, '2026-03-13 23:59:59', '2026-03-13 23:59:59'),
(7, '短信验证码API', 12, 6, '2026-03-13', 115, 114, 1, '2026-03-13 23:59:59', '2026-03-13 23:59:59'),
(7, '短信验证码API', 26, 6, '2026-03-13', 78, 77, 1, '2026-03-13 23:59:59', '2026-03-13 23:59:59'),
(9, '支付宝支付API', 13, 7, '2026-03-13', 88, 88, 0, '2026-03-13 23:59:59', '2026-03-13 23:59:59'),
(10, '微信支付API', 13, 7, '2026-03-13', 78, 78, 0, '2026-03-13 23:59:59', '2026-03-13 23:59:59'),
(11, '地理编码API', 14, 8, '2026-03-13', 220, 217, 3, '2026-03-13 23:59:59', '2026-03-13 23:59:59'),
(11, '地理编码API', 29, 8, '2026-03-13', 152, 150, 2, '2026-03-13 23:59:59', '2026-03-13 23:59:59'),
(13, '人脸检测API', 15, 9, '2026-03-13', 98, 97, 1, '2026-03-13 23:59:59', '2026-03-13 23:59:59'),
(13, '人脸检测API', 30, 9, '2026-03-13', 78, 77, 1, '2026-03-13 23:59:59', '2026-03-13 23:59:59'),
(15, '语音转文字API', 16, 10, '2026-03-13', 108, 107, 1, '2026-03-13 23:59:59', '2026-03-13 23:59:59'),
(15, '语音转文字API', 31, 10, '2026-03-13', 88, 87, 1, '2026-03-13 23:59:59', '2026-03-13 23:59:59'),
(16, '文字转语音API', 32, 10, '2026-03-13', 98, 97, 1, '2026-03-13 23:59:59', '2026-03-13 23:59:59'),
(17, '智能客服API', 17, 3, '2026-03-13', 168, 166, 2, '2026-03-13 23:59:59', '2026-03-13 23:59:59'),
(17, '智能客服API', 33, 3, '2026-03-13', 118, 116, 2, '2026-03-13 23:59:59', '2026-03-13 23:59:59'),
(17, '智能客服API', 48, 3, '2026-03-13', 82, 80, 2, '2026-03-13 23:59:59', '2026-03-13 23:59:59'),
(18, '汇率查询API', 18, 4, '2026-03-13', 202, 199, 3, '2026-03-13 23:59:59', '2026-03-13 23:59:59'),
(18, '汇率查询API', 34, 4, '2026-03-13', 130, 128, 2, '2026-03-13 23:59:59', '2026-03-13 23:59:59'),
(18, '汇率查询API', 49, 4, '2026-03-13', 78, 76, 2, '2026-03-13 23:59:59', '2026-03-13 23:59:59'),
(19, 'IP地址查询API', 19, 5, '2026-03-13', 388, 383, 5, '2026-03-13 23:59:59', '2026-03-13 23:59:59'),
(19, 'IP地址查询API', 35, 5, '2026-03-13', 242, 238, 4, '2026-03-13 23:59:59', '2026-03-13 23:59:59'),
(19, 'IP地址查询API', 50, 5, '2026-03-13', 158, 155, 3, '2026-03-13 23:59:59', '2026-03-13 23:59:59'),
(20, '图片压缩API', 20, 6, '2026-03-13', 275, 272, 3, '2026-03-13 23:59:59', '2026-03-13 23:59:59');

-- 3月14日（周六）
INSERT INTO `api_invoke_daily` (`api_id`, `api_name`, `caller_id`, `api_owner_id`, `stat_date`, `total_count`, `success_count`, `fail_count`, `create_time`, `update_time`) VALUES
(1, '天气查询API', 11, 3, '2026-03-14', 55, 54, 1, '2026-03-14 23:59:59', '2026-03-14 23:59:59'),
(1, '天气查询API', 21, 3, '2026-03-14', 42, 41, 1, '2026-03-14 23:59:59', '2026-03-14 23:59:59'),
(1, '天气查询API', 36, 3, '2026-03-14', 28, 27, 1, '2026-03-14 23:59:59', '2026-03-14 23:59:59'),
(1, '天气查询API', 1, 3, '2026-03-14', 35, 34, 1, '2026-03-14 23:59:59', '2026-03-14 23:59:59'),
(2, '股票行情API', 13, 3, '2026-03-14', 82, 80, 2, '2026-03-14 23:59:59', '2026-03-14 23:59:59'),
(2, '股票行情API', 22, 3, '2026-03-14', 52, 51, 1, '2026-03-14 23:59:59', '2026-03-14 23:59:59'),
(3, '文本情感分析API', 12, 4, '2026-03-14', 28, 28, 0, '2026-03-14 23:59:59', '2026-03-14 23:59:59'),
(3, '文本情感分析API', 2, 4, '2026-03-14', 22, 22, 0, '2026-03-14 23:59:59', '2026-03-14 23:59:59'),
(11, '地理编码API', 14, 8, '2026-03-14', 72, 71, 1, '2026-03-14 23:59:59', '2026-03-14 23:59:59'),
(11, '地理编码API', 29, 8, '2026-03-14', 52, 51, 1, '2026-03-14 23:59:59', '2026-03-14 23:59:59'),
(17, '智能客服API', 17, 3, '2026-03-14', 52, 51, 1, '2026-03-14 23:59:59', '2026-03-14 23:59:59'),
(19, 'IP地址查询API', 19, 5, '2026-03-14', 128, 126, 2, '2026-03-14 23:59:59', '2026-03-14 23:59:59'),
(19, 'IP地址查询API', 35, 5, '2026-03-14', 82, 80, 2, '2026-03-14 23:59:59', '2026-03-14 23:59:59'),
(20, '图片压缩API', 20, 6, '2026-03-14', 82, 81, 1, '2026-03-14 23:59:59', '2026-03-14 23:59:59');

-- 3月15日（周日，今天）
INSERT INTO `api_invoke_daily` (`api_id`, `api_name`, `caller_id`, `api_owner_id`, `stat_date`, `total_count`, `success_count`, `fail_count`, `create_time`, `update_time`) VALUES
(1, '天气查询API', 11, 3, '2026-03-15', 48, 47, 1, '2026-03-15 23:59:59', '2026-03-15 23:59:59'),
(1, '天气查询API', 21, 3, '2026-03-15', 38, 37, 1, '2026-03-15 23:59:59', '2026-03-15 23:59:59'),
(1, '天气查询API', 36, 3, '2026-03-15', 25, 24, 1, '2026-03-15 23:59:59', '2026-03-15 23:59:59'),
(1, '天气查询API', 1, 3, '2026-03-15', 42, 41, 1, '2026-03-15 23:59:59', '2026-03-15 23:59:59'),
(2, '股票行情API', 22, 3, '2026-03-15', 45, 44, 1, '2026-03-15 23:59:59', '2026-03-15 23:59:59'),
(3, '文本情感分析API', 12, 4, '2026-03-15', 22, 22, 0, '2026-03-15 23:59:59', '2026-03-15 23:59:59'),
(3, '文本情感分析API', 2, 4, '2026-03-15', 18, 18, 0, '2026-03-15 23:59:59', '2026-03-15 23:59:59'),
(11, '地理编码API', 29, 8, '2026-03-15', 45, 44, 1, '2026-03-15 23:59:59', '2026-03-15 23:59:59'),
(17, '智能客服API', 17, 3, '2026-03-15', 45, 44, 1, '2026-03-15 23:59:59', '2026-03-15 23:59:59'),
(19, 'IP地址查询API', 19, 5, '2026-03-15', 105, 103, 2, '2026-03-15 23:59:59', '2026-03-15 23:59:59'),
(19, 'IP地址查询API', 50, 5, '2026-03-15', 68, 66, 2, '2026-03-15 23:59:59', '2026-03-15 23:59:59');

-- 插入API测试记录数据
INSERT INTO `api_test_record` (`api_id`, `api_name`, `user_id`, `params`, `result`, `status_code`, `response_time`, `success`, `error_msg`, `create_time`) VALUES
(1, '天气查询API', 1, '{"city":"北京"}', '{"temperature":15,"humidity":45,"weather":"晴"}', 200, 125, 1, NULL, '2026-03-15 10:30:00'),
(1, '天气查询API', 2, '{"city":"上海"}', '{"temperature":18,"humidity":65,"weather":"多云"}', 200, 118, 1, NULL, '2026-03-15 10:35:00'),
(2, '股票行情API', 1, '{"code":"000001"}', '{"price":12.35,"change":0.52,"name":"平安银行"}', 200, 85, 1, NULL, '2026-03-15 10:40:00'),
(3, '文本情感分析API', 2, '{"text":"这个产品非常好用，推荐购买！"}', '{"sentiment":"positive","score":0.92}', 200, 156, 1, NULL, '2026-03-15 10:45:00'),
(5, '身份证验证API', 1, '{"idcard":"110101199001011234"}', '{"valid":true,"province":"北京市"}', 200, 45, 1, NULL, '2026-03-15 10:50:00'),
(11, '地理编码API', 2, '{"address":"北京市海淀区中关村"}', '{"lng":116.310003,"lat":39.991957}', 200, 98, 1, NULL, '2026-03-15 10:55:00'),
(17, '智能客服API', 1, '{"question":"如何查询天气？"}', '{"answer":"您可以使用天气查询API，传入城市名称即可获取天气信息。"}', 200, 235, 1, NULL, '2026-03-15 11:00:00'),
(19, 'IP地址查询API', 2, '{"ip":"8.8.8.8"}', '{"location":"美国加利福尼亚州"}', 200, 62, 1, NULL, '2026-03-15 11:05:00');

-- 插入需求数据
INSERT INTO `requirement` (`id`, `user_id`, `title`, `description`, `request_params`, `response_params`, `budget`, `deadline`, `status`, `create_time`, `update_time`, `deleted`) VALUES
(1, 11, '企业级短信验证码服务需求', '需要对接短信验证码服务，日调用量约5000次，要求99.9%可用性', '[{"name":"phone","type":"string","required":true,"desc":"手机号"},{"name":"code","type":"string","required":true,"desc":"验证码"}]', '[{"name":"success","type":"boolean","desc":"发送结果"}]', 500.00, '2026-03-15 00:00:00', 'open', '2026-02-05 14:00:00', '2026-02-05 14:00:00', 0),
(2, 12, '电商商品图片OCR识别需求', '需要识别商品图片中的文字信息，支持中英文，日调用量约2000次', '[{"name":"image","type":"file","required":true,"desc":"图片文件"}]', '[{"name":"text","type":"string","desc":"识别结果"}]', 800.00, '2026-03-20 00:00:00', 'in_progress', '2026-02-10 10:00:00', '2026-02-12 15:00:00', 0),
(3, 13, '金融数据实时行情接口需求', '需要获取A股实时行情数据，延迟要求在100ms以内', '[{"name":"code","type":"string","required":true,"desc":"股票代码"}]', '[{"name":"price","type":"number","desc":"当前价格"},{"name":"change","type":"number","desc":"涨跌幅"}]', 1200.00, '2026-02-28 00:00:00', 'completed', '2026-02-15 09:00:00', '2026-02-20 16:00:00', 0),
(4, 14, '物流地址解析服务需求', '需要将用户输入的地址解析为标准格式，支持全国地址', '[{"name":"address","type":"string","required":true,"desc":"地址文本"}]', '[{"name":"province","type":"string","desc":"省"},{"name":"city","type":"string","desc":"市"},{"name":"district","type":"string","desc":"区"}]', 600.00, '2026-03-25 00:00:00', 'open', '2026-02-18 11:00:00', '2026-02-18 11:00:00', 0),
(5, 15, '人脸识别门禁系统对接需求', '需要对接人脸识别API用于门禁系统，要求活体检测', '[{"name":"image","type":"file","required":true,"desc":"人脸图片"}]', '[{"name":"success","type":"boolean","desc":"识别结果"},{"name":"confidence","type":"number","desc":"置信度"}]', 1500.00, '2026-03-30 00:00:00', 'in_progress', '2026-02-22 14:00:00', '2026-02-25 10:00:00', 0);

-- 插入需求申请人数据
INSERT INTO `requirement_applicant` (`id`, `requirement_id`, `user_id`, `description`, `status`, `apply_time`) VALUES
(1, 1, 6, '我开发的短信验证码API可以满足您的需求，支持高并发调用', 'accepted', '2026-02-06 10:00:00'),
(2, 2, 4, '我开发的OCR文字识别API支持中英文识别，准确率高达99%', 'accepted', '2026-02-11 09:00:00'),
(3, 3, 3, '我开发的股票行情API延迟低于50ms，完全满足您的需求', 'accepted', '2026-02-16 10:00:00'),
(4, 4, 8, '我开发的地理编码API可以精确解析全国地址', 'pending', '2026-02-19 09:00:00'),
(5, 5, 9, '我开发的人脸检测API支持活体检测，安全可靠', 'accepted', '2026-02-23 10:00:00');

SET FOREIGN_KEY_CHECKS = 1;